,Country Name,Country Code,Indicator Name,Indicator Code,1960,1961,1962,1963,1964,1965,1966,1967,1968,1969,1970,1971,1972,1973,1974,1975,1976,1977,1978,1979,1980,1981,1982,1983,1984,1985,1986,1987,1988,1989,1990,1991,1992,1993,1994,1995,1996,1997,1998,1999,2000,2001,2002,2003,2004,2005,2006,2007,2008,2009,2010,2011,2012,2013,2014,2015,2016,2017,2018,2019,2020,2021,Unnamed: 66
38541,Canada,CAN,"Literacy rate, adult female (% of females ages 15 and above)",SE.ADT.LITR.FE.ZS,,,,,,,,,,,,,,,,,,,,,,,,,,,,,,,,,,,,,,,,,,,,,,,,,,,,,,,,,,,,,,,
38542,Canada,CAN,"Literacy rate, adult male (% of males ages 15 and above)",SE.ADT.LITR.MA.ZS,,,,,,,,,,,,,,,,,,,,,,,,,,,,,,,,,,,,,,,,,,,,,,,,,,,,,,,,,,,,,,,
38543,Canada,CAN,"Literacy rate, adult total (% of people ages 15 and above)",SE.ADT.LITR.ZS,,,,,,,,,,,,,,,,,,,,,,,,,,,,,,,,,,,,,,,,,,,,,,,,,,,,,,,,,,,,,,,
38763,Canada,CAN,"Primary completion rate, female (% of relevant age group)",SE.PRM.CMPT.FE.ZS,,,,,,,,,,,,,,,,,,,,,,,,,,,,,,,,,,,,,,,95.0645217895508,96.5512237548828,97.8916015625,,,,,,,,,,,,,,,,,,,,,,
38764,Canada,CAN,"Primary completion rate, male (% of relevant age group)",SE.PRM.CMPT.MA.ZS,,,,,,,,,,,,,,,,,,,,,,,,,,,,,,,,,,,,,,,94.3128967285156,95.743896484375,97.7475509643555,,,,,,,,,,,,,,,,,,,,,,
38765,Canada,CAN,"Primary completion rate, total (% of relevant age group)",SE.PRM.CMPT.ZS,,,,,,,,,,,,,,,,,,,,,,,,,,,,,,,,,,,,,,,94.6792068481445,96.137580871582,97.8178405761719,,,,,,,,,,,,,,,,,,,,,,
38787,Canada,CAN,"Public spending on education, total (% of GDP)",SE.XPD.TOTL.GD.ZS,,,,,,,,,,,,7.71018981933594,7.61540985107422,7.03749990463257,6.68963003158569,6.4429497718811,6.72099018096924,6.73353004455566,7.09767007827759,6.71474981307983,6.48467016220093,6.43061017990112,6.51913976669312,6.88043022155762,6.64404010772705,6.2128701210022,6.04418992996216,6.32446002960205,6.17614984512329,6.09832000732422,5.9919900894165,6.88430023193359,6.77093982696533,7.70425987243652,6.68001985549927,6.32445001602173,,,5.49377012252808,5.53079986572266,5.42331981658936,4.95303010940552,4.99308013916016,,,4.76588010787964,,4.7664098739624,4.62612009048462,4.84057998657227,5.356369972229,5.26205015182495,,,,,,,,,,,
38796,Canada,CAN,"School enrollment, primary (% gross)",SE.PRM.ENRR,,,,,,,,,,,,102.731971740723,100.70970916748,98.594841003418,97.2322082519531,98.0944976806641,98.3909225463867,99.0069198608398,99.5519638061523,99.6351623535156,99.7136306762695,99.4741134643555,105.224739074707,104.640022277832,104.070449829102,103.787063598633,104.024688720703,103.956848144531,104.005546569824,104.268188476563,104.281776428223,104.441841125488,103.67414855957,102.69709777832,101.900039672852,101.810081481934,102.813079833984,,99.8216400146484,100.257469177246,100.788772583008,,,,98.4767990112305,97.3645706176758,98.8806304931641,98.9664764404297,98.013313293457,99.0087966918945,98.6416015625,98.1893692016602,99.5182800292969,100.340713500977,101.536659240723,102.485076904297,101.023872375488,100.94367980957,101.501091003418,100.989753723145,,,
38798,Canada,CAN,"School enrollment, primary, female (% gross)",SE.PRM.ENRR.FE,,,,,,,,,,,,102.176223754883,100.318412780762,98.1567230224609,96.9119415283203,97.4754180908203,98.3502883911133,98.8800277709961,99.4787368774414,99.6019287109375,99.7130737304688,99.5615463256836,104.386611938477,103.316886901855,102.661918640137,102.489151000977,102.836738586426,102.90975189209,102.988632202148,102.603881835938,103.860069274902,103.593963623047,102.881950378418,101.969940185547,101.126251220703,101.092910766602,102.065910339355,,99.7751922607422,100.329627990723,100.869132995605,,,,98.0196304321289,96.9387130737305,98.5098266601563,98.7211074829102,97.9208602905273,99.0851287841797,98.9050598144531,98.548828125,100.06697845459,100.913726806641,102.158683776855,102.907958984375,101.068466186523,100.819137573242,101.275398254395,100.694023132324,,,
38800,Canada,CAN,"School enrollment, primary, male (% gross)",SE.PRM.ENRR.MA,,,,,,,,,,,,103.262413024902,101.083068847656,99.0127029418945,97.5375671386719,98.6847076416016,98.4296493530273,99.1278228759766,99.6216583251953,99.6667633056641,99.7141723632813,99.3911666870117,106.020317077637,105.8974609375,105.410453796387,105.022270202637,105.154502868652,104.951400756836,104.97087097168,105.847831726074,104.682037353516,105.246650695801,104.425750732422,103.387359619141,102.635330200195,102.492233276367,103.524078369141,,99.8658828735352,100.188720703125,100.712211608887,,,,98.9131317138672,97.7711868286133,99.2344436645508,99.2001876831055,98.1011810302734,98.936393737793,98.3922424316406,97.8499298095703,99.0009078979492,99.8001480102539,100.948692321777,102.08415222168,100.981452941895,101.062438964844,101.716621398926,101.272323608398,,,
38802,Canada,CAN,"School enrollment, secondary (% gross)",SE.SEC.ENRR,,,,,,,,,,,,96.2094802856445,95.7111206054688,94.2307510375977,92.2098388671875,91.7469100952148,90.7522430419922,90.3644638061523,89.3846969604492,88.2703018188477,87.4626312255859,88.2752532958984,92.3430023193359,94.9845733642578,98.1000823974609,99.0982666015625,99.1846466064453,99.1088562011719,99.3804016113281,99.6363677978516,99.8023071289063,101.408256530762,102.7138671875,104.606269836426,105.766387939453,105.152473449707,105.476921081543,,105.603973388672,102.376136779785,101.923126220703,,,,,101.391189575195,101.728248596191,101.90348815918,102.344436645508,102.734443664551,102.398483276367,103.348960876465,109.987487792969,109.485992431641,109.333099365234,110.35652923584,112.514282226563,113.76286315918,114.123512268066,114.333267211914,,,
38804,Canada,CAN,"School enrollment, secondary, female (% gross)",SE.SEC.ENRR.FE,,,,,,,,,,,,95.7921981811523,95.265266418457,94.0771865844727,92.6144027709961,92.2603378295898,91.4560699462891,91.192756652832,90.2939376831055,89.1942291259766,88.5734786987305,89.2333679199219,92.9521026611328,95.0304336547852,98.1379699707031,99.1694488525391,99.2243881225586,99.1161880493164,99.5308837890625,100.527046203613,100.244651794434,101.661888122559,102.692459106445,104.271789550781,105.49600982666,105.201217651367,105.563293457031,,105.283592224121,103.277229309082,102.932777404785,,,,,100.234382629395,100.669502258301,100.74836730957,101.104248046875,101.503608703613,101.156692504883,102.266876220703,109.856071472168,109.61531829834,109.651222229004,110.857620239258,113.386459350586,114.520637512207,114.747680664063,114.820533752441,,,
116688,United States,USA,"Literacy rate, adult female (% of females ages 15 and above)",SE.ADT.LITR.FE.ZS,,,,,,,,,,,,,,,,,,,,,,,,,,,,,,,,,,,,,,,,,,,,,,,,,,,,,,,,,,,,,,,
116689,United States,USA,"Literacy rate, adult male (% of males ages 15 and above)",SE.ADT.LITR.MA.ZS,,,,,,,,,,,,,,,,,,,,,,,,,,,,,,,,,,,,,,,,,,,,,,,,,,,,,,,,,,,,,,,
116690,United States,USA,"Literacy rate, adult total (% of people ages 15 and above)",SE.ADT.LITR.ZS,,,,,,,,,,,,,,,,,,,,,,,,,,,,,,,,,,,,,,,,,,,,,,,,,,,,,,,,,,,,,,,
116910,United States,USA,"Primary completion rate, female (% of relevant age group)",SE.PRM.CMPT.FE.ZS,,,,,,,,,,,,,,,,,,,,,,,,,,,,,,,,,,,,,,,,,,,,,,,,,,,,,,,,,,97.1660308837891,95.4763412475586,103.343627929688,,,
116911,United States,USA,"Primary completion rate, male (% of relevant age group)",SE.PRM.CMPT.MA.ZS,,,,,,,,,,,,,,,,,,,,,,,,,,,,,,,,,,,,,,,,,,,,,,,,,,,,,,,,,,100.429466247559,104.510192871094,97.7526397705078,,,
116912,United States,USA,"Primary completion rate, total (% of relevant age group)",SE.PRM.CMPT.ZS,,,,,,,,,,,,,,,,,,,,,,,,,,,,,,,,,,,,,,,,,,,,,,,,,,,,,,,,,,98.8321990966797,100.092697143555,100.489051818848,,,
116934,United States,USA,"Public spending on education, total (% of GDP)",SE.XPD.TOTL.GD.ZS,,,,,,,,,,,,,,,,,,,,,,,,,,,,,,,,,,,,,,,,,,,,,,,,,,,,,,,,,,,,,,,
116943,United States,USA,"School enrollment, primary (% gross)",SE.PRM.ENRR,,,,,,,,,,,,88.8608779907227,88.4217987060547,90.7070465087891,89.8160781860352,89.6162109375,90.4418487548828,90.6578826904297,91.073486328125,90.6162490844727,98.9110488891602,98.6317977905273,100.481620788574,99.0345077514648,97.8936614990234,98.2329330444336,99.9011306762695,101.173690795898,,,106.033233642578,105.328598022461,,103.899276733398,103.115478515625,104.106407165527,103.559829711914,,102.562042236328,101.93083190918,,,,,,101.8740234375,,,,,,,,99.455436706543,99.6733779907227,100.299911499023,101.362861633301,101.821441650391,101.256561279297,100.981300354004,,,
116945,United States,USA,"School enrollment, primary, female (% gross)",SE.PRM.ENRR.FE,,,,,,,,,,,,,,,,,,,,,,99.7421417236328,101.152801513672,98.7853317260742,98.3432083129883,99.0417327880859,100.564247131348,100.94344329834,,,105.724319458008,104.356376647949,,102.850570678711,102.602348327637,103.552131652832,102.901496887207,,103.888488769531,103.350410461426,,,,,,101.310600280762,,,,,,,,99.0333786010742,99.502082824707,100.287261962891,101.276412963867,101.421997070313,101.19637298584,101.343742370605,,,
116947,United States,USA,"School enrollment, primary, male (% gross)",SE.PRM.ENRR.MA,,,,,,,,,,,,,,,,,,,,,,97.5974807739258,99.8534469604492,99.2683868408203,97.4712905883789,97.4733505249023,99.2789535522461,101.390419006348,,,106.327697753906,106.257202148438,,104.901733398438,103.605949401855,104.635932922363,104.188110351563,,101.297286987305,100.578079223633,,,,,,102.411376953125,,,,,,,,99.859748840332,99.8374404907227,100.312042236328,101.445777893066,102.204460144043,101.314239501953,100.634078979492,,,
116949,United States,USA,"School enrollment, secondary (% gross)",SE.SEC.ENRR,,,,,,,,,,,,84.0059967041016,85.0294570922852,,85.3779678344727,85.4316329956055,85.6479187011719,85.7496566772461,85.4878311157227,78.9636383056641,91.3139190673828,89.9994201660156,93.1751174926758,93.2487869262695,95.122802734375,94.0247802734375,94.9692306518555,95.2131500244141,,,91.4817810058594,91.5325469970703,,96.4926223754883,97.8633575439453,96.6739883422852,96.5442962646484,,96.4650268554688,94.391960144043,,,,,,95.0524826049805,,,,,,,,96.1864929199219,96.9245376586914,97.6525497436523,98.7699279785156,98.9523391723633,99.2755813598633,100.063430786133,,,
116951,United States,USA,"School enrollment, secondary, female (% gross)",SE.SEC.ENRR.FE,,,,,,,,,,,,,60.7891387939453,,,,,,86.4746780395508,,,92.4902267456055,95.5559234619141,95.3799667358398,96.849250793457,95.2214965820313,96.5470123291016,96.5568237304688,,,91.5366287231445,92.3362731933594,,96.4116821289063,97.489387512207,97.3910980224609,96.5565795898438,,98.2826232910156,79.0962982177734,,,,,,95.9484786987305,,,,,,,,96.3090591430664,97.5130462646484,98.1735763549805,98.4747085571289,98.695556640625,98.7960586547852,99.189453125,,,
80585,Mexico,MEX,"Literacy rate, adult female (% of females ages 15 and above)",SE.ADT.LITR.FE.ZS,,,,,,,,,,,,,,,,,,,,,79.890998840332,,,,,,,,,,84.9559097290039,,,,,,,,,,88.6820373535156,,88.728630065918,,89.6310195922852,90.2104110717773,89.8345108032227,91.3555526733398,91.45361328125,92.1162490844727,91.8534164428711,92.3382797241211,93.1792373657227,92.903938293457,93.5913391113281,93.4854965209961,93.9685211181641,94.1657562255859,94.6080474853516,,94.4951324462891,,
80586,Mexico,MEX,"Literacy rate, adult male (% of males ages 15 and above)",SE.ADT.LITR.MA.ZS,,,,,,,,,,,,,,,,,,,,,86.2426528930664,,,,,,,,,,90.3473968505859,,,,,,,,,,92.5593719482422,,91.997802734375,,92.4496078491211,93.1904067993164,93.9011993408203,94.4415130615234,94.5921630859375,94.9165725708008,94.3839416503906,94.7827682495117,95.3916320800781,95.1121063232422,95.6204681396484,95.5493316650391,95.8448181152344,95.8723678588867,96.2329025268555,,96.0587463378906,,
80587,Mexico,MEX,"Literacy rate, adult total (% of people ages 15 and above)",SE.ADT.LITR.ZS,,,,,,,,,,,,,,,,,,,,,82.9892425537109,,,,,,,,,,87.55615234375,,,,,,,,,,90.5356216430664,,90.2746505737305,,90.953742980957,91.6302719116211,91.7345199584961,92.7951736450195,92.9255981445313,93.4418792724609,93.0689392089844,93.5199813842773,94.228401184082,93.9628524780273,94.5558776855469,94.472282409668,94.859619140625,94.9727783203125,95.3799133300781,,95.2478485107422,,
80807,Mexico,MEX,"Primary completion rate, female (% of relevant age group)",SE.PRM.CMPT.FE.ZS,,,,,,,,,,,,,,,,66.8441162109375,68.398307800293,73.9227905273438,,,,,,,,,,,,,,,,90.3198013305664,91.4817428588867,94.0506286621094,94.8801574707031,94.5736770629883,,95.1863708496094,96.2788619995117,97.3049087524414,99.1906967163086,99.0755233764648,100.954681396484,101.548400878906,101.621002197266,102.541519165039,101.707801818848,99.9387588500977,100.464401245117,100.240592956543,106.609817504883,109.926551818848,110.774291992188,105.017532348633,104.016471862793,104.32096862793,102.629280090332,103.250343322754,,,
80808,Mexico,MEX,"Primary completion rate, male (% of relevant age group)",SE.PRM.CMPT.MA.ZS,,,,,,,,,,,,,,,,72.25927734375,73.9017486572266,78.5167007446289,,,,,,,,,,,,,,,,90.465217590332,91.6380310058594,93.7649612426758,95.1487274169922,95.8237380981445,,96.3386611938477,97.0060501098633,97.5608673095703,98.9050064086914,98.7944412231445,99.6509628295898,99.6275405883789,100.1787109375,101.396469116211,100.884307861328,99.7133178710938,100.020286560059,100.155639648438,105.429573059082,108.938812255859,110.251930236816,104.805809020996,103.924026489258,103.883277893066,101.897537231445,101.713859558105,,,
80809,Mexico,MEX,"Primary completion rate, total (% of relevant age group)",SE.PRM.CMPT.ZS,,,,,,,,,,,,,,,,69.5729904174805,71.1732025146484,76.2406311035156,76.1918716430664,79.971321105957,82.8221664428711,85.2611618041992,87.3238296508789,89.7166366577148,94.3055419921875,93.3925399780273,94.8417129516602,94.219970703125,92.8798294067383,91.5201187133789,88.7490386962891,88.0012969970703,89.5941619873047,90.3931198120117,91.5606231689453,93.9060974121094,95.0162734985352,95.2060089111328,,95.7679672241211,96.6455764770508,97.4339981079102,99.046630859375,98.9336624145508,100.295028686523,100.573638916016,100.888198852539,101.960693359375,101.29035949707,99.8245162963867,100.239387512207,100.197532653809,106.011009216309,109.42504119873,110.508842468262,104.909820556641,103.969390869141,104.097839355469,102.255889892578,102.465538024902,,,
80831,Mexico,MEX,"Public spending on education, total (% of GDP)",SE.XPD.TOTL.GD.ZS,,,,,,,,,,,,,,,,,,,,,,,,,,,,,,2.28201007843018,2.32498002052307,2.54800009727478,3.00501990318298,,3.64708995819092,3.69255995750427,,,3.36528992652893,3.53536009788513,3.99243998527527,4.24104022979736,4.45495986938477,5.07257986068726,4.72670984268188,4.84568977355957,4.69992017745972,4.69050979614258,4.82006978988647,5.18794012069702,5.15922021865845,5.10564994812012,5.10309982299805,4.69605016708374,5.25747013092041,5.22942018508911,4.90681982040405,4.51821994781494,4.25442981719971,,,,
80840,Mexico,MEX,"School enrollment, primary (% gross)",SE.PRM.ENRR,,,,,,,,,,,,103.563339233398,105.642967224121,107.515518188477,109.884803771973,108.673393249512,109.667999267578,112.799263000488,113.264251708984,118.713851928711,120.720458984375,122.440101623535,122.657852172852,122.586799621582,122.203689575195,119.858840942383,118.460670471191,116.937507629395,114.807052612305,113.69416809082,112.252632141113,111.34619140625,111.04736328125,110.550148010254,109.838287353516,109.438377380371,108.69319152832,108.580062866211,108.351631164551,108.592819213867,108.997932434082,109.072189331055,109.425003051758,109.506141662598,108.999183654785,108.60083770752,108.174766540527,108.799713134766,109.424423217773,110.545280456543,110.633491516113,110.540756225586,110.413452148438,109.441482543945,108.005752563477,106.606109619141,106.277732849121,105.770011901855,105.02806854248,104.655822753906,,,
80842,Mexico,MEX,"School enrollment, primary, female (% gross)",SE.PRM.ENRR.FE,,,,,,,,,,,,100.327491760254,100.627227783203,,106.553367614746,104.480308532715,105.516387939453,110.386833190918,110.165908813477,117.138229370117,119.928108215332,121.004669189453,120.885780334473,119.540328979492,119.165878295898,117.584381103516,116.524307250977,115.24829864502,113.21949005127,112.220970153809,110.33455657959,109.709823608398,109.21549987793,108.66960144043,107.717338562012,107.570739746094,106.842086791992,106.695457458496,106.561363220215,106.974456787109,107.619041442871,107.919952392578,108.405326843262,108.561302185059,108.122421264648,107.598243713379,107.070419311523,107.66877746582,108.320953369141,109.561187744141,109.838417053223,109.890098571777,109.915298461914,109.007751464844,107.700401306152,106.471862792969,106.333168029785,106.034690856934,105.360710144043,105.141258239746,,,
80844,Mexico,MEX,"School enrollment, primary, male (% gross)",SE.PRM.ENRR.MA,,,,,,,,,,,,106.733177185059,110.557472229004,,113.147689819336,112.776702880859,113.725341796875,115.154441833496,116.28539276123,120.248573303223,121.491897583008,123.838249206543,124.391548156738,125.579696655273,125.195556640625,122.097221374512,120.357238769531,118.583099365234,116.34757232666,115.120758056641,114.110458374023,112.934600830078,112.830528259277,112.381538391113,111.901863098145,111.25316619873,110.490356445313,110.415267944336,110.097450256348,110.171180725098,110.341438293457,110.19287109375,110.415458679199,110.422691345215,109.848907470703,109.572547912598,109.246223449707,109.898956298828,110.497207641602,111.50106048584,111.404319763184,111.170318603516,110.894676208496,109.859748840332,108.299682617188,106.735076904297,106.224578857422,105.516571044922,104.70987701416,104.191802978516,,,
80846,Mexico,MEX,"School enrollment, secondary (% gross)",SE.SEC.ENRR,,,,,,,,,,,,21.7264804840088,23.4503402709961,26.1887397766113,28.8897895812988,31.3015193939209,34.9787406921387,37.8175201416016,39.4266090393066,42.7145385742188,45.269660949707,48.4401512145996,52.8217086791992,55.0030784606934,56.7537612915039,56.8999290466309,58.071460723877,58.0802383422852,57.8499183654785,57.4399795532227,56.109260559082,54.7870788574219,54.8693199157715,55.4769515991211,56.8718109130859,58.8929595947266,61.0874290466309,63.430721282959,67.0523376464844,69.2017669677734,71.7650299072266,73.4356689453125,76.0056076049805,79.8640289306641,81.427490234375,82.3040771484375,84.0856018066406,84.9070510864258,86.4275283813477,85.9380111694336,87.0699234008789,88.1901779174805,90.6671981811523,93.3275527954102,97.3433837890625,100.832740783691,102.40406036377,104.385032653809,105.103363037109,104.647239685059,,,
80848,Mexico,MEX,"School enrollment, secondary, female (% gross)",SE.SEC.ENRR.FE,,,,,,,,,,,,16.8244495391846,19.3242797851563,,23.6516895294189,25.4659194946289,27.716890335083,33.3842697143555,35.8419303894043,38.2597198486328,40.7506904602051,45.5112190246582,49.9337997436523,51.9023017883301,54.0352401733398,53.4570083618164,55.7379989624023,56.0500106811523,56.1181602478027,56.2642707824707,55.3024597167969,54.4091796875,53.5616798400879,54.6007308959961,56.1361694335938,58.1493492126465,60.1123008728027,62.5383796691895,66.6262588500977,69.3722915649414,72.3933563232422,74.4729995727539,77.4418029785156,82.0541229248047,83.1022033691406,84.033317565918,86.2486801147461,87.5231018066406,89.558837890625,89.3971099853516,90.3881378173828,91.3068771362305,93.6471633911133,95.9470520019531,100.053466796875,104.093780517578,106.149406433105,108.219902038574,109.587608337402,109.537399291992,,,
63219,India,IND,"Literacy rate, adult female (% of females ages 15 and above)",SE.ADT.LITR.FE.ZS,,,,,,,,,,,,,,,,,,,,,,25.6762504577637,,,,,,,,,,33.7295303344727,,,,,,,,,,47.842098236084,,,,,50.8237609863281,,,,,59.2773208618164,,,,,,,65.7908096313477,,,,
63220,India,IND,"Literacy rate, adult male (% of males ages 15 and above)",SE.ADT.LITR.MA.ZS,,,,,,,,,,,,,,,,,,,,,,54.8410186767578,,,,,,,,,,61.641918182373,,,,,,,,,,73.4118576049805,,,,,75.1919021606445,,,,,78.8772277832031,,,,,,,82.3667068481445,,,,
63221,India,IND,"Literacy rate, adult total (% of people ages 15 and above)",SE.ADT.LITR.ZS,,,,,,,,,,,,,,,,,,,,,,40.7635917663574,,,,,,,,,,48.2220687866211,,,,,,,,,,61.0145606994629,,,,,62.7544708251953,,,,,69.3025588989258,,,,,,,74.3729934692383,,,,
63441,India,IND,"Primary completion rate, female (% of relevant age group)",SE.PRM.CMPT.FE.ZS,,,,,,,,,,,,27.4561805725098,,,29.0918197631836,,,,,,,,,,,,,50.1374816894531,51.7031211853027,,,,,,,62.1489410400391,,,,60.9063987731934,63.953239440918,65.8676223754883,69.3466720581055,77.6870498657227,,,,,95.5246429443359,97.0126419067383,,93.6002883911133,,99.3199768066406,100.387771606445,100.422088623047,98.5070495605469,96.2924880981445,,93.2624816894531,96.0651779174805,,
63442,India,IND,"Primary completion rate, male (% of relevant age group)",SE.PRM.CMPT.MA.ZS,,,,,,,,,,,,50.5341415405273,,,52.8968811035156,,,,,,,,,,,,,74.8749694824219,76.024169921875,,,,,,,80.093620300293,,,,75.6784896850586,78.2940902709961,77.8451995849609,81.1388626098633,82.1553726196289,,,,,94.074592590332,94.6190185546875,,92.0190505981445,,93.426872253418,95.0636901855469,95.2926712036133,94.1924896240234,92.6502914428711,,90.2147674560547,93.1959686279297,,
63443,India,IND,"Primary completion rate, total (% of relevant age group)",SE.PRM.CMPT.ZS,,,,,,,,,,,,39.4501686096191,,,41.4473495483398,,,,,,,,,,,,,62.9738616943359,64.3319396972656,,,,,,,71.5478286743164,,,,68.6577224731445,71.4861068725586,72.1695404052734,75.5600662231445,80.0443801879883,,,,,94.7575836181641,95.7462921142578,,92.7633590698242,,96.2008895874023,97.5711212158203,97.7113189697266,96.2306976318359,94.3737487792969,,91.661491394043,94.5591278076172,,
63465,India,IND,"Public spending on education, total (% of GDP)",SE.XPD.TOTL.GD.ZS,,,,,,,,,,,,,,,,,,,,,,,,,,,,,,,,,,,,,,3.3613600730896,3.57256007194519,4.41539001464844,4.32479000091553,,,3.61340999603271,3.35254001617432,3.18875002861023,3.14284992218018,,,3.27824997901917,3.377690076828,3.79618000984192,3.8675000667572,3.84467005729675,,3.28572988510132,3.45097994804382,,,,,,
63474,India,IND,"School enrollment, primary (% gross)",SE.PRM.ENRR,,,,,,,,,,,,78.5140380859375,79.2531890869141,82.3669509887695,81.7698974609375,82.6415176391602,82.4943313598633,85.0984802246094,81.3053817749023,81.080940246582,82.4438629150391,84.0115966796875,84.6588287353516,86.5699920654297,88.1475372314453,87.9477233886719,90.0746383666992,87.8979187011719,89.1912002563477,92.1417236328125,91.4403076171875,91.1464996337891,91.428466796875,93.1189270019531,94.2408905029297,93.9706268310547,93.8493270874023,93.4897689819336,91.8773880004883,92.5626831054688,94.2711181640625,94.1149291992188,94.7455291748047,102.682907104492,,,,110.020118713379,110.697380065918,109.451072692871,109.101371765137,108.323356628418,109.761299133301,110.583312988281,107.864410400391,108.485229492188,114.53832244873,112.957862854004,,96.8286819458008,99.9004592895508,,
63476,India,IND,"School enrollment, primary, female (% gross)",SE.PRM.ENRR.FE,,,,,,,,,,,,60.930549621582,61.6560287475586,64.602897644043,64.1854400634766,64.9983825683594,65.192497253418,67.3932495117188,63.7140312194824,64.3054733276367,65.6125335693359,67.287971496582,67.8045196533203,69.8634033203125,71.3826599121094,72.2326507568359,75.3827819824219,74.4218521118164,75.9130630493164,77.5095901489258,77.7412185668945,78.9861068725586,79.936882019043,83.3017272949219,84.8630294799805,84.7199096679688,85.1956100463867,85.3435821533203,84.1572418212891,84.8998336791992,86.762336730957,87.1501770019531,88.6885070800781,101.926666259766,,,,109.61157989502,111.852157592773,111.289283752441,110.695121765137,110.310363769531,111.974426269531,117.120376586914,114.018760681152,114.780570983887,123.555137634277,121.127372741699,,97.814338684082,100.908241271973,,
63478,India,IND,"School enrollment, primary, male (% gross)",SE.PRM.ENRR.MA,,,,,,,,,,,,94.828483581543,95.596061706543,98.8810882568359,98.1295013427734,99.0616912841797,98.594367980957,101.584289550781,97.6972427368164,96.7207794189453,98.1361465454102,99.5922393798828,100.357002258301,102.123512268066,103.741371154785,102.542343139648,103.687042236328,100.361701965332,101.444869995117,105.607872009277,104.007568359375,102.264266967773,101.907791137695,102.054870605469,102.765968322754,102.371047973633,101.696563720703,100.867538452148,98.8573226928711,99.4744110107422,101.023658752441,100.357620239258,100.162399291992,103.358131408691,,,,110.383949279785,109.669166564941,107.814651489258,107.682746887207,106.554481506348,107.78946685791,104.748687744141,102.356887817383,102.833503723145,106.417900085449,105.581008911133,,95.9358062744141,98.9871520996094,,
63480,India,IND,"School enrollment, secondary (% gross)",SE.SEC.ENRR,,,,,,,,,,,,23.8401393890381,24.3207893371582,24.8048801422119,,25.5266094207764,25.6918697357178,26.2718906402588,26.6578903198242,,28.8643493652344,30.3239898681641,31.8469200134277,33.8498916625977,35.2399215698242,,37.3451690673828,36.9599609375,37.0404090881348,37.2016296386719,,,,45.3430404663086,45.6530609130859,45.3513488769531,45.2803993225098,45.8296508789063,,43.0351791381836,44.8719787597656,45.1516990661621,47.0734596252441,49.6250495910645,51.3718490600586,53.9690589904785,54.8829383850098,57.2758712768555,60.3564910888672,59.6136512756348,63.1161994934082,66.2507019042969,69.0128326416016,68.7591171264648,74.1415328979492,73.8656311035156,75.091796875,73.4768829345703,74.379508972168,73.79296875,75.4811935424805,,
63482,India,IND,"School enrollment, secondary, female (% gross)",SE.SEC.ENRR.FE,,,,,,,,,,,,13.9156398773193,14.3662395477295,14.8807096481323,,15.8953695297241,16.0846099853516,16.6128597259521,17.0300598144531,,18.6683406829834,20.0018501281738,20.8867092132568,23.8547496795654,23.6822109222412,,25.8254203796387,25.7254009246826,26.1861991882324,26.7450408935547,,,,34.6718406677246,35.5168190002441,35.3003807067871,35.4717483520508,36.6382904052734,,35.5474090576172,37.3238296508789,37.7764701843262,40.2797508239746,44.4954795837402,46.1336708068848,49.0157699584961,50.2382011413574,53.3059692382813,57.011890411377,57.5185699462891,61.1048011779785,64.6692504882813,67.6368637084961,69.4817733764648,75.0392608642578,74.6852874755859,76.038948059082,74.0585098266602,74.954963684082,74.5229568481445,75.2815017700195,,
41283,China,CHN,"Literacy rate, adult female (% of females ages 15 and above)",SE.ADT.LITR.FE.ZS,,,,,,,,,,,,,,,,,,,,,,,51.1368103027344,,,,,,,,68.0720825195313,,,,,,,,,,86.5266036987305,,,,,,,,,,92.7112274169922,,,,,,,,95.1593322753906,,,,
41284,China,CHN,"Literacy rate, adult male (% of males ages 15 and above)",SE.ADT.LITR.MA.ZS,,,,,,,,,,,,,,,,,,,,,,,79.191780090332,,,,,,,,87.0249786376953,,,,,,,,,,95.1352462768555,,,,,,,,,,97.4794616699219,,,,,,,,98.4665374755859,,,,
41285,China,CHN,"Literacy rate, adult total (% of people ages 15 and above)",SE.ADT.LITR.ZS,,,,,,,,,,,,,,,,,,,,,,,65.5050888061523,,,,,,,,77.7850570678711,,,,,,,,,,90.9202117919922,,,,,,,,,,95.1244812011719,,,,,,,,96.8408889770508,,,,
41505,China,CHN,"Primary completion rate, female (% of relevant age group)",SE.PRM.CMPT.FE.ZS,,,,,,,,,,,,,,,,,,,,,,,,,,,,,,,,,,,,,90.3723602294922,88.2685394287109,,,,,,,,,91.4194030761719,93.0166091918945,98.7820816040039,97.6632766723633,,,,,,,,,,,,,
41506,China,CHN,"Primary completion rate, male (% of relevant age group)",SE.PRM.CMPT.MA.ZS,,,,,,,,,,,,,,,,,,,,,,,,,,,,,,,,,,,,,96.1013412475586,92.8710708618164,,,,,,,,,91.8222732543945,93.6427536010742,99.7163467407227,98.8539276123047,,,,,,,,,,,,,
41507,China,CHN,"Primary completion rate, total (% of relevant age group)",SE.PRM.CMPT.ZS,,,,,,,,,,,,,,,,,,,,,,,,,,,,,,100.40503692627,101.568061828613,102.951187133789,99.2811584472656,101.101722717285,103.513618469238,98.770637512207,93.3232879638672,90.6408386230469,,,,,,,,,91.6324234008789,93.3478927612305,99.2769393920898,98.2946319580078,,,,,,,,,,,,,
41529,China,CHN,"Public spending on education, total (% of GDP)",SE.XPD.TOTL.GD.ZS,,,,,,,,,,,,1.38873994350433,1.60476005077362,1.65082001686096,1.76115000247955,1.70850002765656,1.81657004356384,1.74953997135162,1.95884001255035,2.14805006980896,1.91190004348755,1.94880998134613,2.03448009490967,2.07692003250122,1.99863004684448,2.00814008712769,2.06154990196228,1.80425000190735,1.76417994499207,,,,1.65455996990204,1.65785002708435,1.98571002483368,1.84192001819611,1.85338997840881,,1.84432995319366,1.88803994655609,,,,,,,,,,,3.75464010238647,3.52196002006531,4.07742977142334,3.85250997543335,3.72663998603821,3.82487010955811,3.79362010955811,3.66744995117188,3.54249000549316,,,,
41538,China,CHN,"School enrollment, primary (% gross)",SE.PRM.ENRR,,,,,,,,,,,107.042167663574,106.335830688477,108.041511535645,115.400749206543,119.114242553711,121.498756408691,121.553398132324,116.500968933105,110.612327575684,109.243301391602,109.719367980957,111.169990539551,110.75415802002,110.778411865234,111.586196899414,116.695182800293,121.483489990234,126.15071105957,128.099395751953,128.474212646484,127.548782348633,124.37638092041,121.724487304688,118.377227783203,114.944488525391,111.763816833496,108.074157714844,105.50708770752,105.769371032715,,,112.341590881348,,,,,100.993278503418,100.707046508789,100.74243927002,100.006103515625,98.9642181396484,99.0470199584961,99.7910995483398,99.5645980834961,95.7964324951172,96.318603515625,97.9619216918945,99.4048080444336,100.222747802734,101.925720214844,103.173957824707,,
41540,China,CHN,"School enrollment, primary, female (% gross)",SE.PRM.ENRR.FE,,,,,,,,,,,,,,,99.7021636962891,108.966781616211,112.537147521973,108.300910949707,102.536460876465,100.327827453613,100.751602172852,101.626373291016,100.129447937012,99.6301116943359,100.626052856445,105.442901611328,112.176040649414,117.410461425781,119.794860839844,120.767753601074,120.639961242676,118.445053100586,116.663223266602,113.768623352051,111.056831359863,108.625549316406,105.646492004395,103.676849365234,104.370681762695,,,111.834228515625,,,,,100.56224822998,100.072570800781,99.9091415405273,99.1214065551758,98.0428924560547,98.2403182983398,99.1953125,99.4368896484375,95.8334274291992,96.4455413818359,98.2296600341797,99.9099273681641,100.831581115723,102.564613342285,103.712577819824,,
41542,China,CHN,"School enrollment, primary, male (% gross)",SE.PRM.ENRR.MA,,,,,,,,,,,,,,,137.512954711914,133.416793823242,130.158706665039,124.352691650391,118.354148864746,117.782249450684,118.283912658691,120.24503326416,120.811531066895,121.295356750488,121.903480529785,127.279968261719,130.244476318359,134.380294799805,135.920074462891,135.732788085938,134.05744934082,129.965225219727,126.491477966309,122.714950561523,118.60001373291,114.71070098877,110.34992980957,107.21955871582,107.074417114258,,,112.806510925293,,,,,101.375343322754,101.268058776855,101.477058410645,100.783340454102,99.7705383300781,99.7501220703125,100.308441162109,99.6751327514648,95.7645034790039,96.209342956543,97.7319030761719,98.9712600708008,99.699951171875,101.376022338867,102.708961486816,,
41544,China,CHN,"School enrollment, secondary (% gross)",SE.SEC.ENRR,,,,,,,,,,,27.4703502655029,37.0460891723633,44.7314987182617,50.8795013427734,47.6252517700195,48.3989295959473,56.3874206542969,57.2720985412598,53.9721488952637,49.8898506164551,43.2355308532715,38.9917488098145,33.1482582092285,30.290620803833,29.7254390716553,31.0157794952393,32.6320610046387,34.7189903259277,36.2421798706055,36.4756889343262,36.720100402832,38.9848518371582,42.0988006591797,44.974178314209,46.5941200256348,50.3507995605469,54.8562393188477,57.4666213989258,,60.4641799926758,60.2598991394043,60.0842208862305,60.2845001220703,62.1411285400391,,,71.3284530639648,76.7876586914063,81.7128372192383,85.4514083862305,88.1734008789063,,,,,,,,,,,,
41546,China,CHN,"School enrollment, secondary, female (% gross)",SE.SEC.ENRR.FE,,,,,,,,,,,,,,,,,45.5210914611816,47.5381088256836,46.1807289123535,42.387279510498,36.032039642334,31.4147300720215,26.3650703430176,24.2345008850098,23.9614391326904,25.3637409210205,26.6391696929932,29.1132507324219,30.5387706756592,30.9659996032715,31.0169200897217,33.2971687316895,36.5865707397461,39.4978103637695,42.1680183410645,46.2468681335449,51.0729789733887,53.6838493347168,,,,57.9949417114258,,60.2562294006348,,,70.9691467285156,76.7652206420898,82.2636871337891,86.6089401245117,88.0126800537109,,,,,,,,,,,,
22546,Afghanistan,AFG,"Literacy rate, adult female (% of females ages 15 and above)",SE.ADT.LITR.FE.ZS,,,,,,,,,,,,,,,,,,,,4.98746013641357,,,,,,,,,,,,,,,,,,,,,,,,,,,,,,,,17.0178394317627,,,,,,,,,,22.6007804870605,
22547,Afghanistan,AFG,"Literacy rate, adult male (% of males ages 15 and above)",SE.ADT.LITR.MA.ZS,,,,,,,,,,,,,,,,,,,,30.3077507019043,,,,,,,,,,,,,,,,,,,,,,,,,,,,,,,,45.4170989990234,,,,,,,,,,52.0634307861328,
22548,Afghanistan,AFG,"Literacy rate, adult total (% of people ages 15 and above)",SE.ADT.LITR.ZS,,,,,,,,,,,,,,,,,,,,18.1576805114746,,,,,,,,,,,,,,,,,,,,,,,,,,,,,,,,31.4488506317139,,,,,,,,,,37.266040802002,
22768,Afghanistan,AFG,"Primary completion rate, female (% of relevant age group)",SE.PRM.CMPT.FE.ZS,,,,,,,,,,,,,,,4.36180019378662,,,5.50816011428833,6.35799980163574,,9.05294036865234,12.8375997543335,,,10.7461700439453,10.8599700927734,,,,,,,,14.120400428772,,,,,,,,,,,,,,,,,,,,,,,63.6040687561035,66.6888809204102,67.1293029785156,65.7615127563477,,,
22769,Afghanistan,AFG,"Primary completion rate, male (% of relevant age group)",SE.PRM.CMPT.MA.ZS,,,,,,,,,,,,,,,28.5410900115967,,,29.8050899505615,32.4492301940918,,42.9889297485352,51.7044982910156,,,24.642219543457,25.8327598571777,,,,,,,,39.9001197814941,,,,,,,,,,,,,,,,,,,,,,,96.5420913696289,101.294212341309,103.283256530762,102.11784362793,,,
22770,Afghanistan,AFG,"Primary completion rate, total (% of relevant age group)",SE.PRM.CMPT.ZS,,,,,,,,,,,,,,,16.6569995880127,,,17.8807601928711,19.6528396606445,,26.3732395172119,32.7061195373535,,,17.8910293579102,18.5706005096436,,,,,,,,27.5751705169678,,,,,,,,,,,,,,,,,,,,,,,80.4950408935547,84.4149475097656,85.6253280639648,84.3305892944336,,,
22792,Afghanistan,AFG,"Public spending on education, total (% of GDP)",SE.XPD.TOTL.GD.ZS,,,,,,,,,,,,1.16035997867584,1.11717998981476,1.42788004875183,,1.30332005023956,,,,1.7398099899292,1.84092998504639,1.90917003154755,1.72997999191284,,,,,,,,,,,,,,,,,,,,,,,,,,,,3.4794499874115,3.4620099067688,,3.45445990562439,3.69521999359131,3.2558000087738,3.5119800567627,3.37331008911133,3.19979000091553,3.21377992630005,,,
22801,Afghanistan,AFG,"School enrollment, primary (% gross)",SE.PRM.ENRR,,,,,,,,,,,31.1765899658203,32.0076103210449,32.261890411377,32.5842208862305,33.1082992553711,34.1851997375488,35.2320518493652,36.1114883422852,37.637020111084,,44.1333694458008,47.7117004394531,17.3088207244873,,21.99169921875,23.9128494262695,25.8516693115234,,32.5450096130371,30.2520008087158,29.0414199829102,27.4142208099365,,29.1031494140625,40.0001411437988,42.7514305114746,,,31.0533504486084,25.3079700469971,20.9575805664063,20.8829097747803,68.9868469238281,93.3621826171875,104.663818359375,98.0998916625977,101.697853088379,98.9335098266602,100.779731750488,96.8964004516602,100.071708679199,97.6416397094727,103.492393493652,104.498428344727,105.919708251953,103.534523010254,102.486473083496,102.175788879395,103.996162414551,106.701080322266,,,
22803,Afghanistan,AFG,"School enrollment, primary, female (% gross)",SE.PRM.ENRR.FE,,,,,,,,,,,8.92240047454834,8.94141960144043,9.18603038787842,9.63943004608154,9.73066997528076,10.4544200897217,11.0695695877075,11.8053798675537,12.6301202774048,,16.289379119873,18.0326099395752,11.4903402328491,,14.0173101425171,15.4714403152466,18.0425205230713,,21.54541015625,20.7373695373535,20.3877105712891,19.2142200469971,,14.8935604095459,26.4933490753174,28.6594009399414,,,,3.84434008598328,0.0,0.0,42.8288497924805,66.6979598999023,62.5909996032715,71.8120727539063,77.6684036254883,74.8218383789063,77.982421875,76.5103530883789,80.6354598999023,80.9368286132813,86.3288421630859,85.9021377563477,86.7295989990234,83.5044174194336,82.5583572387695,82.0802764892578,82.8502502441406,85.3766098022461,,,
22805,Afghanistan,AFG,"School enrollment, primary, male (% gross)",SE.PRM.ENRR.MA,,,,,,,,,,,52.7364311218262,54.3451499938965,54.5977096557617,54.781810760498,55.708080291748,57.1025505065918,58.5494918823242,59.5423889160156,61.7090492248535,,70.8291091918945,76.0802383422852,22.8505096435547,,29.5323390960693,31.8716602325439,33.210578918457,,42.9249000549316,39.2204513549805,37.1696701049805,35.0701217651367,,42.1826515197754,52.3786888122559,55.6433982849121,,,,45.2809982299805,40.579231262207,40.5628395080566,93.7314300537109,118.637657165527,144.611923217773,123.10604095459,124.554092407227,121.900588989258,122.533256530762,116.36466217041,118.614501953125,113.582443237305,119.858497619629,122.21875,124.209442138672,122.654983520508,121.521240234375,121.39005279541,124.229751586914,127.108001708984,,,
22807,Afghanistan,AFG,"School enrollment, secondary (% gross)",SE.SEC.ENRR,,,,,,,,,,,8.30642032623291,9.31527042388916,10.3027601242065,10.7758302688599,10.9106903076172,11.3727102279663,12.2764902114868,13.1315603256226,13.8217601776123,,16.7642707824707,19.3281402587891,10.5939302444458,,12.3710803985596,13.1000995635986,12.0980501174927,,13.2018404006958,12.6558103561401,10.8499603271484,15.5900897979736,,15.4239702224731,21.4419803619385,20.8224506378174,,,,,,12.3246202468872,,12.5488901138306,17.5680809020996,18.6168098449707,28.2558708190918,28.4933395385742,38.1939811706543,44.4203796386719,50.5672492980957,51.756908416748,53.618049621582,53.5751304626465,52.5829010009766,51.6699485778809,51.6559410095215,53.6431999206543,55.4252090454102,,,,
22809,Afghanistan,AFG,"School enrollment, secondary, female (% gross)",SE.SEC.ENRR.FE,,,,,,,,,,,2.22176003456116,2.34345006942749,2.37588000297546,2.64944005012512,2.6251699924469,2.77596998214722,3.19226002693176,3.81068992614746,4.14918994903564,,,7.84074020385742,6.47227001190186,,7.70783996582031,8.09358024597168,7.95657014846802,,8.59936046600342,,,10.4253997802734,,8.34158039093018,9.16950988769531,11.1152296066284,,,,,,0.0,,6.39336013793945,5.94272994995117,9.00685977935791,14.8404998779297,15.3268203735352,22.5338096618652,28.5836791992188,33.3026809692383,36.6359596252441,38.1079406738281,37.8484916687012,37.3329887390137,36.7518501281738,37.3025283813477,38.6025390625,39.9984016418457,,,,
29401,Bangladesh,BGD,"Literacy rate, adult female (% of females ages 15 and above)",SE.ADT.LITR.FE.ZS,,,,,,,,,,,,,,,,,,,,,,17.9716300964355,,,,,,,,,,25.8389797210693,,,,,,,,,,40.8233489990234,,,,,,43.7408485412598,,,,55.1194381713867,54.2360382080078,57.7890014648438,57.8609313964844,62.2529907226563,69.8972091674805,70.0857009887695,71.1819381713867,71.9483871459961,72.0047836303711,,
29402,Bangladesh,BGD,"Literacy rate, adult male (% of males ages 15 and above)",SE.ADT.LITR.MA.ZS,,,,,,,,,,,,,,,,,,,,,,39.7322998046875,,,,,,,,,,44.314281463623,,,,,,,,,,53.8960914611816,,,,,,49.8323287963867,,,,62.4830589294434,61.5428695678711,64.2137680053711,64.3650894165039,68.0553588867188,75.6188507080078,75.7023620605469,76.6692581176758,77.4414901733398,77.8167114257813,,
29403,Bangladesh,BGD,"Literacy rate, adult total (% of people ages 15 and above)",SE.ADT.LITR.ZS,,,,,,,,,,,,,,,,,,,,,,29.2272300720215,,,,,,,,,,35.3193016052246,,,,,,,,,,47.4855003356934,,,,,,46.6636009216309,,,,58.7691802978516,57.8607482910156,61.0155410766602,61.0932998657227,65.1373291015625,72.7587203979492,72.8929672241211,73.9122009277344,74.6844635009766,74.9088973999023,,
29623,Bangladesh,BGD,"Primary completion rate, female (% of relevant age group)",SE.PRM.CMPT.FE.ZS,,,,,,,,,,,,,,,,,29.5792102813721,,,,,22.1202201843262,,,,,,,,,,,,,,,,,,,,,,,,68.8696670532227,,,61.9892082214355,68.4999465942383,71.764518737793,,,,,,,,,,,,
29624,Bangladesh,BGD,"Primary completion rate, male (% of relevant age group)",SE.PRM.CMPT.MA.ZS,,,,,,,,,,,,,,,,,58.899600982666,,,,,35.5138893127441,,,,,,,,,,,,,,,,,,,,,,,,63.8693199157715,,,56.1707000732422,62.5326614379883,64.0539474487305,,,,,,,,,,,,
29625,Bangladesh,BGD,"Primary completion rate, total (% of relevant age group)",SE.PRM.CMPT.ZS,,,,,,,,,,,,,,,,,44.571949005127,32.5847511291504,,,,28.9274806976318,,,,,,,,47.2596206665039,,,,,,,,,,,,,,,,66.3205490112305,,,59.0229911804199,65.4580383300781,67.8321914672852,,,,,,,,,,,,
29647,Bangladesh,BGD,"Public spending on education, total (% of GDP)",SE.XPD.TOTL.GD.ZS,,,,,,,,,,,,,,,,,,,,1.13092994689941,0.937600016593933,1.07149994373322,1.01163995265961,1.03267002105713,1.22302997112274,1.27118003368378,1.34349000453949,1.51364004611969,,,1.51911997795105,1.42566001415253,1.63177001476288,1.69262003898621,,,,1.95246994495392,,2.13281989097595,2.12508010864258,2.17193007469177,2.01714992523193,2.06939005851746,1.94014000892639,,2.13128995895386,2.20221996307373,2.0545699596405,1.9394199848175,,2.13269996643066,2.17549991607666,1.96616005897522,,,1.53553998470306,,,1.32632005214691,,,
29656,Bangladesh,BGD,"School enrollment, primary (% gross)",SE.PRM.ENRR,,,,,,,,,,,56.2668991088867,52.0538101196289,64.5281600952148,76.7196197509766,75.0434265136719,79.9832763671875,81.3503112792969,75.5715026855469,74.023323059082,72.8237075805664,71.6114120483398,70.3406524658203,71.5910415649414,73.0271301269531,71.7993774414063,69.8883666992188,69.5049133300781,68.4233474731445,80.4510879516602,80.419921875,83.7970123291016,,,,,,,,,,,,,,,101.647811889648,102.416152954102,101.620246887207,99.5429306030273,102.92756652832,105.974548339844,,,,,,,114.988662719727,116.466339111328,,119.556449890137,,
29658,Bangladesh,BGD,"School enrollment, primary, female (% gross)",SE.PRM.ENRR.FE,,,,,,,,,,,36.7757682800293,33.8200798034668,45.6052894592285,54.2352714538574,50.6787109375,55.5542907714844,56.9486083984375,56.9149513244629,55.6643104553223,54.6971282958984,53.7643203735352,57.5206604003906,59.1652603149414,54.8581085205078,58.7884101867676,56.9740715026855,56.6013717651367,55.7540283203125,71.6340637207031,71.9147872924805,76.5980072021484,,,,,,,,,,,,,,,103.954536437988,105.258392333984,105.24104309082,102.592628479004,105.38208770752,109.253448486328,,,,,,,119.057960510254,120.751747131348,,124.987380981445,,
29660,Bangladesh,BGD,"School enrollment, primary, male (% gross)",SE.PRM.ENRR.MA,,,,,,,,,,,75.0124130249023,69.576301574707,82.6971282958984,98.2933578491211,98.4118728637695,103.409439086914,104.794868469238,93.5443725585938,91.7619400024414,90.3788070678711,88.9098968505859,82.7815093994141,83.6359710693359,90.6142120361328,84.3632125854492,82.3294372558594,81.9080200195313,80.5870132446289,88.9137573242188,88.5852966308594,90.7105407714844,,,,,,,,,,,,,,,99.430549621582,99.6859512329102,98.1419219970703,96.6122894287109,100.56884765625,102.825469970703,,,,,,,111.086807250977,112.357452392578,,114.350021362305,,
29662,Bangladesh,BGD,"School enrollment, secondary (% gross)",SE.SEC.ENRR,,,,,,,,,,,,,,20.7593803405762,,,17.820520401001,17.5597991943359,,17.2355709075928,18.9937305450439,16.8502006530762,,20.3182106018066,20.9130401611328,20.5651397705078,20.2207107543945,20.6213302612305,20.5215301513672,20.3759002685547,20.9083805084229,,,,,,,,45.1639213562012,48.3311805725098,49.763988494873,51.0398712158203,52.1957893371582,51.9329414367676,48.351978302002,46.9628295898438,47.5297813415527,48.3010597229004,46.2411193847656,49.9982414245605,51.6376991271973,52.4313697814941,55.2099685668945,60.1687393188477,,65.6291885375977,71.4158401489258,69.6631698608398,72.6905975341797,72.5581283569336,74.3600769042969,,
29664,Bangladesh,BGD,"School enrollment, secondary, female (% gross)",SE.SEC.ENRR.FE,,,,,,,,,,,,,,10.6287202835083,,,8.90863990783691,7.57402992248535,,7.08941984176636,9.31198024749756,6.42549991607666,,,12.2112798690796,11.7477903366089,12.8263101577759,12.8984699249268,13.1682901382446,13.3888902664185,14.0037403106689,,,,,,,,43.7784309387207,48.1305694580078,50.5111503601074,53.0923004150391,54.7457809448242,54.453010559082,48.9772186279297,48.4769515991211,48.8530082702637,49.5662803649902,49.0108909606934,51.9128303527832,54.6750907897949,56.1982116699219,58.8246116638184,62.5847282409668,,69.6540603637695,75.0108108520508,75.2174911499023,78.2707290649414,78.2772674560547,81.4880523681641,,
34428,Brazil,BRA,"Literacy rate, adult female (% of females ages 15 and above)",SE.ADT.LITR.FE.ZS,,,,,,,,,,,,,,,,,,,,,72.8531494140625,,,,,,,,,,,,,,,,,,,,86.5000534057617,,,,88.8061294555664,,89.8555908203125,90.2280120849609,90.2195510864258,90.4112167358398,90.6817016601563,91.6331481933594,91.6249008178711,91.7649612426758,92.0605163574219,92.3437881469727,93.0212020874023,93.2437133789063,93.4250717163086,,,,
34429,Brazil,BRA,"Literacy rate, adult male (% of males ages 15 and above)",SE.ADT.LITR.MA.ZS,,,,,,,,,,,,,,,,,,,,,76.3773574829102,,,,,,,,,,,,,,,,,,,,86.2279815673828,,,,88.4094619750977,,89.3532409667969,89.7721405029297,89.8378677368164,90.1748428344727,90.0561828613281,91.1689834594727,91.0256729125977,91.1779632568359,91.3667678833008,91.7251586914063,92.5751571655273,92.8915328979492,93.0090408325195,,,,
34430,Brazil,BRA,"Literacy rate, adult total (% of people ages 15 and above)",SE.ADT.LITR.ZS,,,,,,,,,,,,,,,,,,,,,74.5867309570313,,,,,,,,,,,,,,,,,,,,86.3678817749023,,,,88.6162414550781,,89.6152267456055,90.0093688964844,90.03662109375,90.298210144043,90.3791809082031,91.4112396240234,91.3378524780273,91.4842376708984,91.7294311523438,92.0478973388672,92.8084411621094,93.0758209228516,93.2275009155273,,,,
34650,Brazil,BRA,"Primary completion rate, female (% of relevant age group)",SE.PRM.CMPT.FE.ZS,,,,,,,,,,,,,,,,,,,,,,,,,,,,,,,,,,,,,,,,,,,,,,,,,,,,,,,,,,,,,,,
34651,Brazil,BRA,"Primary completion rate, male (% of relevant age group)",SE.PRM.CMPT.MA.ZS,,,,,,,,,,,,,,,,,,,,,,,,,,,,,,,,,,,,,,,,,,,,,,,,,,,,,,,,,,,,,,,
34652,Brazil,BRA,"Primary completion rate, total (% of relevant age group)",SE.PRM.CMPT.ZS,,,,,,,,,,,,,,,,,,,,,,,,,,,,,,,,,,,,,,,,,,112.229606628418,114.199432373047,109.366607666016,100.684646606445,,,,,,,,,,,,,,,,,,
34674,Brazil,BRA,"Public spending on education, total (% of GDP)",SE.XPD.TOTL.GD.ZS,,,,,,,,,,,,,,,,,,,,,,,,,,,,,,,,,,,,4.56816005706787,,,4.75665998458862,3.80062007904053,3.94893002510071,3.84468007087708,3.75037002563477,,3.97447991371155,4.47908020019531,4.87060022354126,4.97425985336304,5.26883983612061,5.46355009078979,5.64879989624023,5.73741006851196,5.85510015487671,5.8388500213623,5.94848012924194,6.24105978012085,6.314040184021,6.32047986984253,6.08851003646851,,,,
34683,Brazil,BRA,"School enrollment, primary (% gross)",SE.PRM.ENRR,,,,,,,,,,,,,,,,,,,,,,,,,,,,,,,,,,,,,,,,165.645385742188,,150.785552978516,146.827789306641,140.544494628906,133.696304321289,133.262161254883,,128.179794311523,132.055206298828,131.165161132813,,106.985061645508,108.819023132324,114.502769470215,114.858200073242,113.369972229004,114.520278930664,115.971778869629,114.476531982422,111.965782165527,,,
34685,Brazil,BRA,"School enrollment, primary, female (% gross)",SE.PRM.ENRR.FE,,,,,,,,,,,,,,,,,,,,,,,,,,,,,,,,,,,,,,,,163.020889282227,,145.884902954102,141.545532226563,136.472610473633,130.364654541016,129.164566040039,,124.878288269043,127.313117980957,128.188034057617,,102.871551513672,106.190467834473,112.04061126709,112.307510375977,110.974006652832,112.983421325684,113.925239562988,112.914527893066,109.36792755127,,,
34687,Brazil,BRA,"School enrollment, primary, male (% gross)",SE.PRM.ENRR.MA,,,,,,,,,,,,,,,,,,,,,,,,,,,,,,,,,,,,,,,,168.116973876953,,155.561782836914,152.009353637695,144.479232788086,136.887847900391,137.215225219727,,131.283599853516,136.599533081055,133.946136474609,,110.973159790039,111.30445098877,116.850639343262,117.306190490723,115.668258666992,115.973098754883,117.919921875,115.960510253906,114.489227294922,,,
34689,Brazil,BRA,"School enrollment, secondary (% gross)",SE.SEC.ENRR,,,,,,,,,,,,,,,,,,,,,,,,,,,,,,,,,,,,,,,,,,,109.994216918945,101.868667602539,102.371032714844,101.2919921875,,95.1699981689453,96.7201232910156,96.6654815673828,,95.2633819580078,93.4202880859375,102.603576660156,101.388526916504,100.608169555664,102.063262939453,101.313789367676,105.00910949707,103.952377319336,,,
34691,Brazil,BRA,"School enrollment, secondary, female (% gross)",SE.SEC.ENRR.FE,,,,,,,,,,,,,,,,,,,,,,,,,,,,,,,,,,,,,,,,,,,114.120399475098,107.328437805176,107.351440429688,106.214538574219,,100.838150024414,102.601608276367,102.123626708984,,99.8542404174805,97.4616317749023,106.384941101074,105.737396240234,103.402717590332,104.502006530762,102.906318664551,106.66332244873,106.760986328125,,,
60934,Haiti,HTI,"Literacy rate, adult female (% of females ages 15 and above)",SE.ADT.LITR.FE.ZS,,,,,,,,,,,,,,,,,,,,,,,32.524959564209,,,,,,,,,,,,,,,,,,,,,54.8614692687988,,,44.5994491577148,,,,,,,,,,58.3005218505859,,,,,,
60935,Haiti,HTI,"Literacy rate, adult male (% of males ages 15 and above)",SE.ADT.LITR.MA.ZS,,,,,,,,,,,,,,,,,,,,,,,37.1297416687012,,,,,,,,,,,,,,,,,,,,,63.0900192260742,,,53.3550491333008,,,,,,,,,,65.2776489257813,,,,,,
60936,Haiti,HTI,"Literacy rate, adult total (% of people ages 15 and above)",SE.ADT.LITR.ZS,,,,,,,,,,,,,,,,,,,,,,,34.734691619873,,,,,,,,,,,,,,,,,,,,,58.7439002990723,,,48.6850204467773,,,,,,,,,,61.691349029541,,,,,,
61156,Haiti,HTI,"Primary completion rate, female (% of relevant age group)",SE.PRM.CMPT.FE.ZS,,,,,,,,,,,,,,,,,,,,25.4704494476318,26.0130996704102,,27.2891902923584,29.2474899291992,,32.0476112365723,33.6355781555176,35.6862983703613,,,,,,,,,,46.8486709594727,,,,,,,,,,,,,,,,,,,,,,,,,
61157,Haiti,HTI,"Primary completion rate, male (% of relevant age group)",SE.PRM.CMPT.MA.ZS,,,,,,,,,,,,,,,,,,,,28.5255603790283,29.625129699707,,31.0440406799316,34.1933212280273,,36.9948196411133,39.4902801513672,40.7565994262695,,,,,,,,,,50.153018951416,,,,,,,,,,,,,,,,,,,,,,,,,
61158,Haiti,HTI,"Primary completion rate, total (% of relevant age group)",SE.PRM.CMPT.ZS,,,,,,,,,,,,,,,,,,,,27.0025100708008,27.8290100097656,,29.177360534668,31.732780456543,,34.5323715209961,36.5771713256836,38.232551574707,,,,,,,,,,48.5164184570313,,,,,,,,,,,,,,,,,,,,,,,,,
61180,Haiti,HTI,"Public spending on education, total (% of GDP)",SE.XPD.TOTL.GD.ZS,,,,,,,,,,,,,,,,,,,,,,1.39374005794525,1.07954001426697,1.0222100019455,0.986190021038055,0.969290018081665,,,,,,1.07398998737335,,,,,,,,,,,,,,,,,,,,,,,1.79446005821228,1.85400998592377,1.4227499961853,1.5911899805069,1.68210005760193,,,,
61189,Haiti,HTI,"School enrollment, primary (% gross)",SE.PRM.ENRR,,,,,,,,,,,,50.7273483276367,53.0139312744141,54.6132583618164,56.349681854248,58.0510902404785,62.045768737793,63.2122802734375,63.3098983764648,63.8940696716309,69.3701095581055,76.0149612426758,76.6181869506836,82.2310333251953,86.4553298950195,87.3857803344727,89.5908279418945,75.4751205444336,,,,,74.894660949707,78.54443359375,84.4955368041992,91.7519226074219,100.33374786377,109.66236114502,113.571510314941,,,,,,,,,,,,,,,,,,,,,,,,
61191,Haiti,HTI,"School enrollment, primary, female (% gross)",SE.PRM.ENRR.FE,,,,,,,,,,,,,,,,,,,58.2224388122559,58.9554290771484,64.1393508911133,70.3364868164063,71.3627319335938,77.1281127929688,81.2380981445313,81.3846435546875,84.2769393920898,73.1432571411133,,,,,73.0251235961914,76.3772888183594,82.1406326293945,89.1559219360352,97.4462966918945,106.679573059082,111.88459777832,,,,,,,,,,,,,,,,,,,,,,,,
61193,Haiti,HTI,"School enrollment, primary, male (% gross)",SE.PRM.ENRR.MA,,,,,,,,,,,,,,,,,,,68.3393096923828,68.7619705200195,74.5170364379883,81.5990829467773,81.7927398681641,87.2586975097656,91.5960006713867,93.2957763671875,94.8180770874023,77.7696685791016,,,,,76.7234725952148,80.6633834838867,86.797981262207,94.2906723022461,103.158500671387,112.582099914551,115.222846984863,,,,,,,,,,,,,,,,,,,,,,,,
61195,Haiti,HTI,"School enrollment, secondary (% gross)",SE.SEC.ENRR,,,,,,,,,,,,,,,,,,,,11.4201602935791,12.1348104476929,13.072790145874,13.1729898452759,15.4800596237183,17.5250091552734,,17.9214992523193,,,,,,,,,,,,,,,,,,,,,,,,,,,,,,,,,,,,
61197,Haiti,HTI,"School enrollment, secondary, female (% gross)",SE.SEC.ENRR.FE,,,,,,,,,,,,,,,,,,,,,,,,,,,,,,,,,,,,,,,,,,,,,,,,,,,,,,,,,,,,,,,
