key,Country Name,Country Code,Year,"Literacy rate, adult female (% of females ages 15 and above)","Literacy rate, adult male (% of males ages 15 and above)","Literacy rate, adult total (% of people ages 15 and above)","Primary completion rate, female (% of relevant age group)","Primary completion rate, male (% of relevant age group)","Primary completion rate, total (% of relevant age group)","Public spending on education, total (% of GDP)","School enrollment, primary (% gross)","School enrollment, primary, female (% gross)","School enrollment, primary, male (% gross)","School enrollment, secondary (% gross)","School enrollment, secondary, female (% gross)","School enrollment, secondary, male (% gross)"
86aa321b-c7a3-44ed-87dc-1d4a6f6cac5f,Canada,CAN,2005,,,,,,,4.76588010787964,97.3645706176758,96.9387130737305,97.7711868286133,101.391189575195,100.234382629395,102.487060546875
6d2bf436-4782-41dc-ae53-2ec96a2b67de,Canada,CAN,2006,,,,,,,,98.8806304931641,98.5098266601563,99.2344436645508,101.728248596191,100.669502258301,102.732360839844
f88a1139-1de5-4216-be11-57fa6476e6cd,Canada,CAN,2007,,,,,,,4.7664098739624,98.9664764404297,98.7211074829102,99.2001876831055,101.90348815918,100.74836730957,103.001899719238
36bd1b27-2f3f-4646-99cd-c2333613b880,Canada,CAN,2008,,,,,,,4.62612009048462,98.013313293457,97.9208602905273,98.1011810302734,102.344436645508,101.104248046875,103.525932312012
d14afeeb-f28f-4fba-8404-5a23019453d3,Canada,CAN,2009,,,,,,,4.84057998657227,99.0087966918945,99.0851287841797,98.936393737793,102.734443664551,101.503608703613,103.908081054688
a56a19b3-d743-4bf4-8645-2c4b435179e8,Canada,CAN,2010,,,,,,,5.356369972229,98.6416015625,98.9050598144531,98.3922424316406,102.398483276367,101.156692504883,103.582977294922
85cd6a51-73fe-40c2-ac9e-cc088048f208,Canada,CAN,2011,,,,,,,5.26205015182495,98.1893692016602,98.548828125,97.8499298095703,103.348960876465,102.266876220703,104.380767822266
d6bfb8f7-8c57-430c-847d-97934cc27b2c,Canada,CAN,2012,,,,,,,,99.5182800292969,100.06697845459,99.0009078979492,109.987487792969,109.856071472168,110.112503051758
7dbae185-ef35-41f9-8c01-50028a3b205c,Canada,CAN,2013,,,,,,,,100.340713500977,100.913726806641,99.8001480102539,109.485992431641,109.61531829834,109.363327026367
d5f4989e-ac83-4ce6-9909-74b41181cdf9,Canada,CAN,2014,,,,,,,,101.536659240723,102.158683776855,100.948692321777,109.333099365234,109.651222229004,109.032302856445
d27e6724-aabe-49a3-9052-f2ab3578f988,Canada,CAN,2015,,,,,,,,102.485076904297,102.907958984375,102.08415222168,110.35652923584,110.857620239258,109.883949279785
34f03bde-0bd6-4123-a2e1-75a845dc6c79,Canada,CAN,2016,,,,,,,,101.023872375488,101.068466186523,100.981452941895,112.514282226563,113.386459350586,111.693092346191
dc0a4e77-aa03-497b-8899-8ab4c2d5f33c,Canada,CAN,2017,,,,,,,,100.94367980957,100.819137573242,101.062438964844,113.76286315918,114.520637512207,113.046676635742
480474ec-1bda-47ee-ae5e-6094ca8a8db6,Canada,CAN,2018,,,,,,,,101.501091003418,101.275398254395,101.716621398926,114.123512268066,114.747680664063,113.531532287598
3e358d09-fabe-47cf-a6b2-357b1911f778,Canada,CAN,2019,,,,,,,,100.989753723145,100.694023132324,101.272323608398,114.333267211914,114.820533752441,113.869750976563
365d1476-81d5-4f06-b0b9-cc9f6bc3b130,United States,USA,2005,,,,,,,,101.8740234375,101.310600280762,102.411376953125,95.0524826049805,95.9484786987305,94.2021102905273
88668a27-b4ab-448c-98c2-58e43c3a4deb,United States,USA,2013,,,,,,,,99.455436706543,99.0333786010742,99.859748840332,96.1864929199219,96.3090591430664,96.0696334838867
c8cdd49c-5e0b-4c7c-bf2e-6503822c9e23,United States,USA,2014,,,,,,,,99.6733779907227,99.502082824707,99.8374404907227,96.9245376586914,97.5130462646484,96.3625335693359
eb78f7ca-11c6-466b-972a-a03522568861,United States,USA,2015,,,,,,,,100.299911499023,100.287261962891,100.312042236328,97.6525497436523,98.1735763549805,97.1537170410156
de4f1c2c-b3f8-4f3b-b767-a1bcd54aa8f2,United States,USA,2016,,,,,,,,101.362861633301,101.276412963867,101.445777893066,98.7699279785156,98.4747085571289,99.0528335571289
31e2c38b-e5e1-47a5-a498-44d89453c07d,United States,USA,2017,,,,97.1660308837891,100.429466247559,98.8321990966797,,101.821441650391,101.421997070313,102.204460144043,98.9523391723633,98.695556640625,99.1985168457031
3e45738a-b4ef-492c-a638-b66da697016b,United States,USA,2018,,,,95.4763412475586,104.510192871094,100.092697143555,,101.256561279297,101.19637298584,101.314239501953,99.2755813598633,98.7960586547852,99.7356567382813
0d83f857-1ded-4988-8361-a206eff404d2,United States,USA,2019,,,,103.343627929688,97.7526397705078,100.489051818848,,100.981300354004,101.343742370605,100.634078979492,100.063430786133,99.189453125,100.902122497559
a01b06b7-f5b2-47d0-80ab-169f2c20b28e,Mexico,MEX,2005,90.2104110717773,93.1904067993164,91.6302719116211,101.548400878906,99.6275405883789,100.573638916016,4.84568977355957,108.60083770752,107.598243713379,109.572547912598,82.3040771484375,84.033317565918,80.5658493041992
0427d75d-39b5-4d58-bf2e-f91d9c0011c7,Mexico,MEX,2006,89.8345108032227,93.9011993408203,91.7345199584961,101.621002197266,100.1787109375,100.888198852539,4.69992017745972,108.174766540527,107.070419311523,109.246223449707,84.0856018066406,86.2486801147461,81.9230422973633
45e84e92-7ae6-4ed7-a8d5-77e336ff1bf2,Mexico,MEX,2007,91.3555526733398,94.4415130615234,92.7951736450195,102.541519165039,101.396469116211,101.960693359375,4.69050979614258,108.799713134766,107.66877746582,109.898956298828,84.9070510864258,87.5231018066406,82.3140563964844
0e39724b-b4c6-4432-bc3e-ab74a87f5853,Mexico,MEX,2008,91.45361328125,94.5921630859375,92.9255981445313,101.707801818848,100.884307861328,101.29035949707,4.82006978988647,109.424423217773,108.320953369141,110.497207641602,86.4275283813477,89.558837890625,83.3457717895508
60140874-5541-4cf1-97dc-f71ead85d38b,Mexico,MEX,2009,92.1162490844727,94.9165725708008,93.4418792724609,99.9387588500977,99.7133178710938,99.8245162963867,5.18794012069702,110.545280456543,109.561187744141,111.50106048584,85.9380111694336,89.3971099853516,82.5510482788086
6619c229-f720-47bd-9840-c07ec51d7afe,Mexico,MEX,2010,91.8534164428711,94.3839416503906,93.0689392089844,100.464401245117,100.020286560059,100.239387512207,5.15922021865845,110.633491516113,109.838417053223,111.404319763184,87.0699234008789,90.3881378173828,83.8309097290039
e2045755-aa10-4c03-8bc4-540f6812ef3b,Mexico,MEX,2011,92.3382797241211,94.7827682495117,93.5199813842773,100.240592956543,100.155639648438,100.197532653809,5.10564994812012,110.540756225586,109.890098571777,111.170318603516,88.1901779174805,91.3068771362305,85.1508712768555
6a741894-edb2-425b-b1f0-8b9b5a093879,Mexico,MEX,2012,93.1792373657227,95.3916320800781,94.228401184082,106.609817504883,105.429573059082,106.011009216309,5.10309982299805,110.413452148438,109.915298461914,110.894676208496,90.6671981811523,93.6471633911133,87.7582778930664
f1818071-cdc9-42e4-bd20-aee85b3f4cb6,Mexico,MEX,2013,92.903938293457,95.1121063232422,93.9628524780273,109.926551818848,108.938812255859,109.42504119873,4.69605016708374,109.441482543945,109.007751464844,109.859748840332,93.3275527954102,95.9470520019531,90.7683868408203
9ed78714-1c37-4217-b880-5e4ea88e2362,Mexico,MEX,2014,93.5913391113281,95.6204681396484,94.5558776855469,110.774291992188,110.251930236816,110.508842468262,5.25747013092041,108.005752563477,107.700401306152,108.299682617188,97.3433837890625,100.053466796875,94.6957931518555
4aa22792-adba-4e55-b867-70939b69dd3f,Mexico,MEX,2015,93.4854965209961,95.5493316650391,94.472282409668,105.017532348633,104.805809020996,104.909820556641,5.22942018508911,106.606109619141,106.471862792969,106.735076904297,100.832740783691,104.093780517578,97.6499176025391
7c78c7e7-550a-4b1f-9083-9f53e710198f,Mexico,MEX,2016,93.9685211181641,95.8448181152344,94.859619140625,104.016471862793,103.924026489258,103.969390869141,4.90681982040405,106.277732849121,106.333168029785,106.224578857422,102.40406036377,106.149406433105,98.7559204101563
3b43144a-a1bb-417c-885b-3a0034ae5ddd,Mexico,MEX,2017,94.1657562255859,95.8723678588867,94.9727783203125,104.32096862793,103.883277893066,104.097839355469,4.51821994781494,105.770011901855,106.034690856934,105.516571044922,104.385032653809,108.219902038574,100.659362792969
27a2212f-401d-4ffa-8c35-d302f677d297,Mexico,MEX,2018,94.6080474853516,96.2329025268555,95.3799133300781,102.629280090332,101.897537231445,102.255889892578,4.25442981719971,105.02806854248,105.360710144043,104.70987701416,105.103363037109,109.587608337402,100.758712768555
7bbf8569-cb0c-4a16-bdc3-bd8155ac9d81,Mexico,MEX,2019,,,,103.250343322754,101.713859558105,102.465538024902,,104.655822753906,105.141258239746,104.191802978516,104.647239685059,109.537399291992,99.9217834472656
dece9b30-1292-42c3-b1ba-33bc7655a49f,Mexico,MEX,2020,94.4951324462891,96.0587463378906,95.2478485107422,,,,,,,,,,
89a7b08d-087f-4b33-bdcf-15e4c7ced8b9,India,IND,2005,,,,,,,3.18875002861023,,,,53.9690589904785,49.0157699584961,58.4264984130859
8db21a54-c8fc-4830-aacc-f34173bb06d7,India,IND,2006,50.8237609863281,75.1919021606445,62.7544708251953,,,,3.14284992218018,,,,54.8829383850098,50.2382011413574,59.0530090332031
38c7a543-20e6-4051-a44c-ae121cb933f6,India,IND,2007,,,,,,,,110.020118713379,109.61157989502,110.383949279785,57.2758712768555,53.3059692382813,60.831470489502
4b74da0b-327f-409c-b2b5-a90de1f7f98e,India,IND,2008,,,,95.5246429443359,94.074592590332,94.7575836181641,,110.697380065918,111.852157592773,109.669166564941,60.3564910888672,57.011890411377,63.3456192016602
3af0da16-23f6-4eb4-8f36-00e486e87cba,India,IND,2009,,,,97.0126419067383,94.6190185546875,95.7462921142578,3.27824997901917,109.451072692871,111.289283752441,107.814651489258,59.6136512756348,57.5185699462891,61.4829292297363
1810d5fa-4bf6-44db-8466-b5520396669f,India,IND,2010,,,,,,,3.377690076828,109.101371765137,110.695121765137,107.682746887207,63.1161994934082,61.1048011779785,64.9087295532227
4bff2c71-0996-4198-a987-a3f015b03843,India,IND,2011,59.2773208618164,78.8772277832031,69.3025588989258,93.6002883911133,92.0190505981445,92.7633590698242,3.79618000984192,108.323356628418,110.310363769531,106.554481506348,66.2507019042969,64.6692504882813,67.6590881347656
d5be7493-40ab-4799-a093-c11a3dd3913c,India,IND,2012,,,,,,,3.8675000667572,109.761299133301,111.974426269531,107.78946685791,69.0128326416016,67.6368637084961,70.2372970581055
34e2d82d-a854-4318-9b94-25b9dfdf04bc,India,IND,2013,,,,99.3199768066406,93.426872253418,96.2008895874023,3.84467005729675,110.583312988281,117.120376586914,104.748687744141,68.7591171264648,69.4817733764648,68.1162719726563
5dec3041-e968-43f2-8692-b0c5406500c2,India,IND,2014,,,,100.387771606445,95.0636901855469,97.5711212158203,,107.864410400391,114.018760681152,102.356887817383,74.1415328979492,75.0392608642578,73.3430099487305
08f8c21d-df7a-4889-b857-f61039f7e1a5,India,IND,2015,,,,100.422088623047,95.2926712036133,97.7113189697266,3.28572988510132,108.485229492188,114.780570983887,102.833503723145,73.8656311035156,74.6852874755859,73.1364974975586
6846ce9d-ecea-4a1b-95e5-1f5654802b30,India,IND,2016,,,,98.5070495605469,94.1924896240234,96.2306976318359,3.45097994804382,114.53832244873,123.555137634277,106.417900085449,75.091796875,76.038948059082,74.2489471435547
5d2d7ee4-dd62-4c44-87df-52cc23848542,India,IND,2017,,,,96.2924880981445,92.6502914428711,94.3737487792969,,112.957862854004,121.127372741699,105.581008911133,73.4768829345703,74.0585098266602,72.958869934082
fd62bbfb-d5f7-42fc-bc32-483b00da3209,India,IND,2018,65.7908096313477,82.3667068481445,74.3729934692383,,,,,,,,74.379508972168,74.954963684082,73.8663482666016
ebf366ee-f3d7-4526-be7b-2fe2676b60c6,India,IND,2019,,,,93.2624816894531,90.2147674560547,91.661491394043,,96.8286819458008,97.814338684082,95.9358062744141,73.79296875,74.5229568481445,73.1408309936523
0858e8eb-9a1e-41b9-a110-f232257f4a3e,India,IND,2020,,,,96.0651779174805,93.1959686279297,94.5591278076172,,99.9004592895508,100.908241271973,98.9871520996094,75.4811935424805,75.2815017700195,75.6600036621094
b6227223-25a3-49fb-bb1e-5b15a6424631,China,CHN,2006,,,,91.4194030761719,91.8222732543945,91.6324234008789,,100.993278503418,100.56224822998,101.375343322754,71.3284530639648,70.9691467285156,71.6589126586914
b6492b1b-e2f4-4806-93b7-184987abb448,China,CHN,2007,,,,93.0166091918945,93.6427536010742,93.3478927612305,,100.707046508789,100.072570800781,101.268058776855,76.7876586914063,76.7652206420898,76.8081436157227
d93977b3-30c1-49c8-862e-7cd61805159d,China,CHN,2008,,,,98.7820816040039,99.7163467407227,99.2769393920898,,100.74243927002,99.9091415405273,101.477058410645,81.7128372192383,82.2636871337891,81.2142486572266
578b0855-f2db-4f03-91c2-fa01b8b74f59,China,CHN,2009,,,,97.6632766723633,98.8539276123047,98.2946319580078,,100.006103515625,99.1214065551758,100.783340454102,85.4514083862305,86.6089401245117,84.4112167358398
521a8291-744e-4895-b928-a2671bfaabf9,China,CHN,2010,92.7112274169922,97.4794616699219,95.1244812011719,,,,3.75464010238647,98.9642181396484,98.0428924560547,99.7705383300781,88.1734008789063,88.0126800537109,88.3169708251953
78aec24e-2166-4b51-9bd9-e5ca1183fc24,China,CHN,2011,,,,,,,3.52196002006531,99.0470199584961,98.2403182983398,99.7501220703125,,,
c8e8a217-d2dd-470a-bde0-760afb9961ab,China,CHN,2012,,,,,,,4.07742977142334,99.7910995483398,99.1953125,100.308441162109,,,
0532eec1-6474-4e52-899c-470ba80a5762,China,CHN,2013,,,,,,,3.85250997543335,99.5645980834961,99.4368896484375,99.6751327514648,,,
d876cfa8-1321-493a-b9ca-e6cce412c867,China,CHN,2014,,,,,,,3.72663998603821,95.7964324951172,95.8334274291992,95.7645034790039,,,
57ae7420-e367-4453-b470-c2f19169d0a6,China,CHN,2015,,,,,,,3.82487010955811,96.318603515625,96.4455413818359,96.209342956543,,,
37fbe132-ba2a-4f61-8063-c44d55487b33,China,CHN,2016,,,,,,,3.79362010955811,97.9619216918945,98.2296600341797,97.7319030761719,,,
dbff38aa-1492-4c68-9014-aea778d1755b,China,CHN,2017,,,,,,,3.66744995117188,99.4048080444336,99.9099273681641,98.9712600708008,,,
d0a4cb6f-c8b2-40ed-8852-365550d58d82,China,CHN,2018,95.1593322753906,98.4665374755859,96.8408889770508,,,,3.54249000549316,100.222747802734,100.831581115723,99.699951171875,,,
dd3c8a81-c37d-4cd2-a13a-b99b3e7e4227,China,CHN,2019,,,,,,,,101.925720214844,102.564613342285,101.376022338867,,,
b59a4925-77d2-4be4-bacc-0038beb97d9e,China,CHN,2020,,,,,,,,103.173957824707,103.712577819824,102.708961486816,,,
620f3471-0631-43ab-b5f5-69cba6e069f0,Sudan,SDN,2005,,,,,,,1.56307005882263,63.3387184143066,59.1302680969238,67.4369583129883,38.7527389526367,37.3261184692383,40.1461296081543
7b5f0024-bfed-438b-96c1-f80b0030d928,Sudan,SDN,2006,,,,,,,1.96301996707916,67.7927474975586,62.8237609863281,72.6366500854492,36.8582992553711,36.0279083251953,37.669490814209
66971156-53cd-4ede-addf-415ed9337ac5,Sudan,SDN,2007,,,,,,,,67.2932510375977,61.3889389038086,73.0463790893555,36.1699905395508,34.5264205932617,37.7747611999512
c5f6691b-bac8-4f5b-beb7-43f1cb468786,Sudan,SDN,2008,46.6996307373047,59.7982482910156,53.5173797607422,,,,2.20143008232117,72.8198013305664,67.6281890869141,77.879768371582,38.2803382873535,36.2404594421387,40.2712707519531
233b40e1-09a4-4b06-b222-5ed0f5afffb3,Sudan,SDN,2009,,,,,,,2.21867990493774,72.3495178222656,68.093147277832,76.5001525878906,42.3209915161133,39.2946395874023,45.2738494873047
8e984d1d-2d66-47ec-bdf5-604e8c67a566,Sudan,SDN,2010,,,,54.7226409912109,67.362907409668,61.1194801330566,,71.7259826660156,67.76904296875,75.5855331420898,42.5222396850586,39.4494209289551,45.5195693969727
33ccb3da-13aa-427e-8a7f-ff6cfd0c8eaa,Sudan,SDN,2011,,,,,,,,69.47705078125,65.1722183227539,73.6742782592773,37.5591316223145,35.8817405700684,39.1945381164551
ac0ad852-7654-4667-91c3-248c22e1eff4,Sudan,SDN,2012,,,,53.4099807739258,61.5918884277344,57.5498313903809,,70.8831634521484,66.677131652832,74.9868774414063,41.232738494873,39.3108215332031,43.1094093322754
8f3f724b-0abc-4a9e-94af-42f11930efbd,Sudan,SDN,2013,,,,55.3493804931641,60.7732582092285,58.0936698913574,,72.0149383544922,68.0566635131836,75.8766021728516,43.6093711853027,42.3202514648438,44.8688087463379
354f1162-d9b8-46ff-821b-cbbd603112a6,Sudan,SDN,2014,,,,55.0744781494141,61.3474388122559,58.2490386962891,,72.2675628662109,69.3306503295898,75.1311569213867,44.8509101867676,42.6881904602051,46.9635581970215
a6a6d56a-c670-42bb-a970-7478d32c8b67,Sudan,SDN,2015,,,,56.2380790710449,62.1741790771484,59.243049621582,,73.1459732055664,69.7847137451172,76.421142578125,45.6237106323242,45.2723693847656,45.9667701721191
6416e3e3-c733-4ace-9207-8cf3b4faae9d,Sudan,SDN,2016,,,,57.7846717834473,61.8380584716797,59.8370780944824,,75.9073715209961,73.2209396362305,78.5237808227539,44.1319389343262,43.6823883056641,44.570671081543
ebd79f25-fcb8-4e3d-8842-981b6b25e2c1,Sudan,SDN,2017,,,,60.4136390686035,62.9293403625488,61.6876411437988,,76.8160629272461,74.4110870361328,79.1574478149414,46.6217384338379,46.9573783874512,46.2942314147949
23282820-c84b-40c7-8791-3cde1e8c4f2a,Sudan,SDN,2018,56.0632286071777,65.4351501464844,60.6971817016602,61.9831581115723,66.1339416503906,64.0855026245117,,78.9529037475586,76.1225814819336,81.7076416015625,45.8641891479492,46.3308792114258,45.4088706970215
1f7cef73-7c26-4e0d-9939-438b2c094a67,Bangladesh,BGD,2005,,,,68.8696670532227,63.8693199157715,66.3205490112305,,101.647811889648,103.954536437988,99.430549621582,46.9628295898438,48.4769515991211,45.5096092224121
f9cf29ca-cf4c-41b5-a579-4e70004634b1,Bangladesh,BGD,2006,,,,,,,2.13128995895386,102.416152954102,105.258392333984,99.6859512329102,47.5297813415527,48.8530082702637,46.2574310302734
ea6d07fc-f775-4a1c-8a2c-3b5196b3a7f0,Bangladesh,BGD,2007,43.7408485412598,49.8323287963867,46.6636009216309,,,,2.20221996307373,101.620246887207,105.24104309082,98.1419219970703,48.3010597229004,49.5662803649902,47.0835113525391
267ba411-031d-452f-9f26-3e40fdc00662,Bangladesh,BGD,2008,,,,61.9892082214355,56.1707000732422,59.0229911804199,2.0545699596405,99.5429306030273,102.592628479004,96.6122894287109,46.2411193847656,49.0108909606934,43.5757598876953
2ac95d1b-5387-4b75-ad5a-41d7e147e1fd,Bangladesh,BGD,2009,,,,68.4999465942383,62.5326614379883,65.4580383300781,1.9394199848175,102.92756652832,105.38208770752,100.56884765625,49.9982414245605,51.9128303527832,48.1570014953613
3742c4a5-62fa-4fd1-bde0-b5f60e587a48,Bangladesh,BGD,2010,,,,71.764518737793,64.0539474487305,67.8321914672852,,105.974548339844,109.253448486328,102.825469970703,51.6376991271973,54.6750907897949,48.7195587158203
0d359726-ffcf-438e-846c-aced18ffcb50,Bangladesh,BGD,2011,55.1194381713867,62.4830589294434,58.7691802978516,,,,2.13269996643066,,,,52.4313697814941,56.1982116699219,48.8114814758301
0ec3bf8c-f6a5-43bf-ae8f-622618931293,Bangladesh,BGD,2012,54.2360382080078,61.5428695678711,57.8607482910156,,,,2.17549991607666,,,,55.2099685668945,58.8246116638184,51.7394218444824
5a808c29-a86d-4c14-bb8e-a7a7d77be5b0,Bangladesh,BGD,2013,57.7890014648438,64.2137680053711,61.0155410766602,,,,1.96616005897522,,,,60.1687393188477,62.5847282409668,57.8526191711426
33c6b60e-810a-4972-8755-767276cf1137,Bangladesh,BGD,2014,57.8609313964844,64.3650894165039,61.0932998657227,,,,,,,,,,
d566853b-f3fe-4340-ba8d-f666454c77d5,Bangladesh,BGD,2015,62.2529907226563,68.0553588867188,65.1373291015625,,,,,,,,65.6291885375977,69.6540603637695,61.7781982421875
6fdfd4ae-e9ff-47c4-a5e3-d22f4ffef0d7,Bangladesh,BGD,2016,69.8972091674805,75.6188507080078,72.7587203979492,,,,1.53553998470306,,,,71.4158401489258,75.0108108520508,67.9747619628906
c8a357cf-2017-4e60-a68b-dfbf35d369ed,Bangladesh,BGD,2017,70.0857009887695,75.7023620605469,72.8929672241211,,,,,114.988662719727,119.057960510254,111.086807250977,69.6631698608398,75.2174911499023,64.3477401733398
5615aecc-594a-4679-9cdf-131746e9712d,Bangladesh,BGD,2018,71.1819381713867,76.6692581176758,73.9122009277344,,,,,116.466339111328,120.751747131348,112.357452392578,72.6905975341797,78.2707290649414,67.3534774780273
99c7b9f9-d040-4f5f-8d05-ff209c8c080f,Bangladesh,BGD,2019,71.9483871459961,77.4414901733398,74.6844635009766,,,,1.32632005214691,,,,72.5581283569336,78.2772674560547,67.0911026000977
7387c484-a5d8-4aef-9c97-ce9d0c0ff71f,Bangladesh,BGD,2020,72.0047836303711,77.8167114257813,74.9088973999023,,,,,119.556449890137,124.987380981445,114.350021362305,74.3600769042969,81.4880523681641,67.5480575561523
c691c733-4420-4c13-99c5-c9f783d54358,Brazil,BRA,2005,,,,,,,4.47908020019531,133.262161254883,129.164566040039,137.215225219727,101.2919921875,106.214538574219,96.5186996459961
03ce33d0-56c5-4932-a7b5-8eb67da585a7,Brazil,BRA,2006,89.8555908203125,89.3532409667969,89.6152267456055,,,,4.87060022354126,,,,,,
9a31b498-2415-4ee9-b889-a362f69016fc,Brazil,BRA,2007,90.2280120849609,89.7721405029297,90.0093688964844,,,,4.97425985336304,128.179794311523,124.878288269043,131.283599853516,95.1699981689453,100.838150024414,89.7616500854492
72d52ecb-ded2-4df6-9243-2e2fd60b6fbb,Brazil,BRA,2008,90.2195510864258,89.8378677368164,90.03662109375,,,,5.26883983612061,132.055206298828,127.313117980957,136.599533081055,96.7201232910156,102.601608276367,91.1272964477539
c23d6615-1004-41e6-96d9-d11795df15be,Brazil,BRA,2009,90.4112167358398,90.1748428344727,90.298210144043,,,,5.46355009078979,131.165161132813,128.188034057617,133.946136474609,96.6654815673828,102.123626708984,91.4506530761719
8162a07e-cd6d-4424-88ed-ac7bed6db3a9,Brazil,BRA,2010,90.6817016601563,90.0561828613281,90.3791809082031,,,,5.64879989624023,,,,,,
8af920f6-84f6-4c32-a302-776b0adb9c14,Brazil,BRA,2011,91.6331481933594,91.1689834594727,91.4112396240234,,,,5.73741006851196,106.985061645508,102.871551513672,110.973159790039,95.2633819580078,99.8542404174805,90.8514862060547
67b18cff-c3d0-4122-9b85-f35dd1acfc64,Brazil,BRA,2012,91.6249008178711,91.0256729125977,91.3378524780273,,,,5.85510015487671,108.819023132324,106.190467834473,111.30445098877,93.4202880859375,97.4616317749023,89.5322570800781
2bd4e36c-148c-41ba-ad49-f8cfb7bc2bbe,Brazil,BRA,2013,91.7649612426758,91.1779632568359,91.4842376708984,,,,5.8388500213623,114.502769470215,112.04061126709,116.850639343262,102.603576660156,106.384941101074,98.9810180664063
0ae1961e-0ec9-483b-b1a1-7ab6125de8cc,Brazil,BRA,2014,92.0605163574219,91.3667678833008,91.7294311523438,,,,5.94848012924194,114.858200073242,112.307510375977,117.306190490723,101.388526916504,105.737396240234,97.3040924072266
564b6e88-e5d5-4ffb-b2db-dd85e3193236,Brazil,BRA,2015,92.3437881469727,91.7251586914063,92.0478973388672,,,,6.24105978012085,113.369972229004,110.974006652832,115.668258666992,100.608169555664,103.402717590332,97.9347991943359
5ba41f07-98f7-4173-ac9e-a915ccae2461,Brazil,BRA,2016,93.0212020874023,92.5751571655273,92.8084411621094,,,,6.314040184021,114.520278930664,112.983421325684,115.973098754883,102.063262939453,104.502006530762,99.7387619018555
7a9c6b0f-57ef-461b-897c-5483d81cf74d,Brazil,BRA,2017,93.2437133789063,92.8915328979492,93.0758209228516,,,,6.32047986984253,115.971778869629,113.925239562988,117.919921875,101.313789367676,102.906318664551,99.7859802246094
c32d27f1-ba48-478c-ba8d-955547feb29d,Brazil,BRA,2018,93.4250717163086,93.0090408325195,93.2275009155273,,,,6.08851003646851,114.476531982422,112.914527893066,115.960510253906,105.00910949707,106.66332244873,103.419006347656
3cbb7c32-30b2-4709-b41b-5da5ec4d4ded,Brazil,BRA,2019,,,,,,,,111.965782165527,109.36792755127,114.489227294922,103.952377319336,106.760986328125,101.303596496582
1643a26a-eb92-4118-b1a7-c28067bb1a0c,Niger,NER,2005,15.0841398239136,42.9273681640625,28.672420501709,22.9840106964111,35.6036186218262,29.3977508544922,,48.3564910888672,40.2011909484863,56.2087287902832,9.63148975372314,7.44829988479614,11.8619298934937
25e9bcf7-b3f6-479a-a4a5-cb41c64aaf16,Niger,NER,2006,,,,25.4898204803467,38.6540489196777,32.2007598876953,2.55852007865906,48.9872589111328,41.0329284667969,56.6317901611328,11.0480899810791,8.51543045043945,13.61266040802
770f9f0b-ba41-42a2-85b6-138b881bf664,Niger,NER,2007,,,,30.9366397857666,46.5057792663574,38.8818588256836,3.01462006568909,51.3799705505371,43.4788398742676,58.9798011779785,10.5987901687622,8.12429046630859,13.0614099502563
5a0e2050-b2a5-41e5-9b53-3664f2e956f3,Niger,NER,2008,,,,30.9651908874512,43.5963287353516,37.4085502624512,2.72311997413635,55.2114295959473,48.0248794555664,62.1320991516113,10.913610458374,8.34941005706787,13.4334297180176
328668e5-6fc0-4a1e-b006-d53ed51e6418,Niger,NER,2009,,,,32.8603782653809,46.1874198913574,39.6554412841797,3.33588004112244,59.0119018554688,51.869930267334,65.896858215332,11.4319896697998,8.74631977081299,14.0488395690918
0f7d1a22-ad8f-4685-a1fb-fa53a58426ee,Niger,NER,2010,,,,34.008129119873,45.1541900634766,39.6868209838867,2.7219500541687,62.7083587646484,55.9331092834473,69.2452774047852,13.0424699783325,10.694580078125,15.3169097900391
dd7367aa-5e2c-411a-a777-82615e6459c8,Niger,NER,2011,,,,37.6172103881836,50.8667602539063,44.3625907897949,3.07762002944946,66.5189437866211,59.8071098327637,72.9984512329102,13.8832702636719,11.0664796829224,16.6010799407959
94ab276f-95bb-4b50-840c-7df3408489e5,Niger,NER,2012,22.551290512085,39.0586891174316,30.5603904724121,41.5736083984375,53.7963485717773,47.7938117980957,3.1868200302124,68.3943710327148,62.064998626709,74.5083999633789,15.0593395233154,12.2966403961182,17.7190208435059
eb30fb73-552c-4e3e-8ede-1ee1ab09a43b,Niger,NER,2013,,,,42.2436218261719,53.0043716430664,47.719310760498,3.68952989578247,69.1492233276367,62.9155082702637,75.1734619140625,16.2538204193115,13.4053297042847,18.9945507049561
fffbf6e6-3f6e-4b25-b10d-95ea0b21edce,Niger,NER,2014,,,,50.741039276123,64.2391967773438,57.6081390380859,5.10368013381958,69.5759735107422,63.750358581543,75.2080230712891,18.2043590545654,15.3373699188232,20.9640407562256
f4548c9b-5f50-4a05-8a6e-780fadcaa681,Niger,NER,2015,,,,61.3893203735352,74.5840530395508,68.1001663208008,4.48589992523193,71.5959091186523,65.5629272460938,77.4306716918945,20.0932197570801,16.9862804412842,23.0863494873047
5a2d4e4f-44f2-4e34-8127-9040c230b637,Niger,NER,2016,,,,65.0442199707031,77.9905776977539,71.6269378662109,2.97095990180969,73.4323272705078,67.5259704589844,79.1469802856445,23.1249694824219,19.8168697357178,26.3146896362305
62f092f2-8780-4ac1-98aa-687b1278b2ca,Niger,NER,2017,,,,,,,2.5771598815918,74.736198425293,69.2430801391602,80.0519180297852,24.2537498474121,20.7021293640137,27.6813907623291
1a565ba1-6d1c-4065-8d51-b16f6dce8ea2,Niger,NER,2018,26.6499996185303,43.5940589904785,35.0499992370605,,,,3.44697999954224,,,,,,
b04e7069-8cbb-4672-afdf-cad8cb488b57,Niger,NER,2019,,,,57.3069496154785,67.0583190917969,62.2621383666992,3.52316999435425,66.415412902832,62.0083503723145,70.680290222168,,,
3566cdfd-847f-4d2f-a82d-b269164ef20e,Niger,NER,2020,,,,48.6088409423828,53.6974983215332,51.1945381164551,,,,,,,
