index,country_key,date_key,education_key,health_key,quality_of_life_key,event_key
0,2,1,23,32,32,2005-0006-MEX
1,3,1,39,48,48,2005-0012-IND
2,3,1,39,48,48,2005-0043-IND
3,4,1,,64,64,2004-0515-CHN
4,4,1,,64,64,2005-0002-CHN
5,4,1,,64,64,2005-0007-CHN
6,4,1,,64,64,2005-0018-CHN
7,6,1,84,96,96,2005-0076-BGD
8,6,1,84,96,96,2005-0157-BGD
9,7,1,100,112,112,2005-0054-BRA
10,7,1,100,112,112,2005-0003-BRA
11,3,2,39,48,48,2005-0090-IND
12,3,2,39,48,48,2005-0064-IND
13,3,2,39,48,48,2005-0056-IND
14,4,2,,64,64,2004-0515-CHN
15,4,2,,64,64,2005-0085-CHN
16,4,2,,64,64,2005-0152-CHN
17,4,2,,64,64,2005-0145-CHN
18,6,2,84,96,96,2005-0088-BGD
19,7,2,100,112,112,2005-0054-BRA
20,3,3,39,48,48,2005-0109-IND
21,3,3,39,48,48,2005-0191-IND
22,4,3,,64,64,2004-0515-CHN
23,4,3,,64,64,2005-0123-CHN
24,4,3,,64,64,2005-0096-CHN
25,4,3,,64,64,2005-0121-CHN
26,4,3,,64,64,2005-0099-CHN
27,4,3,,64,64,2005-0118-CHN
28,4,3,,64,64,2005-0125-CHN
29,4,3,,64,64,2005-0128-CHN
30,4,3,,64,64,2005-0094-CHN
31,4,3,,64,64,2005-0179-CHN
32,4,3,,64,64,2005-0175-CHN
33,6,3,84,96,96,2005-0130-BGD
34,6,3,84,96,96,2005-0190-BGD
35,2,4,23,32,32,2005-0184-MEX
36,3,4,39,48,48,2005-0187-IND
37,3,4,39,48,48,2005-0173-IND
38,3,4,39,48,48,2005-0208-IND
39,3,4,39,48,48,2005-0781-IND
40,4,4,,64,64,2004-0515-CHN
41,4,4,,64,64,2005-0188-CHN
42,4,4,,64,64,2005-0204-CHN
43,4,4,,64,64,2005-0793-CHN
44,4,4,,64,64,2005-0218-CHN
45,4,4,,64,64,2005-0230-CHN
46,4,4,,64,64,2005-0231-CHN
47,4,4,,64,64,2005-0178-CHN
48,4,4,,64,64,2005-0217-CHN
49,6,4,84,96,96,2005-0794-BGD
50,6,4,84,96,96,2005-0194-BGD
51,0,5,0,0,0,2005-0780-CAN
52,2,5,23,32,32,2005-0283-MEX
53,3,5,39,48,48,2005-0314-IND
54,3,5,39,48,48,2005-0268-IND
55,3,5,39,48,48,2005-0250-IND
56,3,5,39,48,48,2005-0290-IND
57,3,5,39,48,48,2005-0291-IND
58,4,5,,64,64,2004-0515-CHN
59,4,5,,64,64,2005-0312-CHN
60,4,5,,64,64,2005-0729-CHN
61,4,5,,64,64,2005-0280-CHN
62,4,5,,64,64,2005-0249-CHN
63,4,5,,64,64,2005-0255-CHN
64,4,5,,64,64,2005-0278-CHN
65,4,5,,64,64,2005-0279-CHN
66,4,5,,64,64,2005-0287-CHN
67,4,5,,64,64,2005-0786-CHN
68,4,5,,64,64,2005-0257-CHN
69,4,5,,64,64,2005-0245-CHN
70,4,5,,64,64,2005-0274-CHN
71,6,5,84,96,96,2005-0261-BGD
72,6,5,84,96,96,2005-0247-BGD
73,6,5,84,96,96,2005-0251-BGD
74,6,5,84,96,96,2005-0796-BGD
75,6,5,84,96,96,2005-0259-BGD
76,6,5,84,96,96,2005-0273-BGD
77,6,5,84,96,96,2005-0282-BGD
78,7,5,100,112,112,2005-0248-BRA
79,0,6,0,0,0,2005-0728-CAN
80,2,6,23,32,32,2005-0524-MEX
81,3,6,39,48,48,2005-0361-IND
82,3,6,39,48,48,2005-0335-IND
83,3,6,39,48,48,2005-0268-IND
84,3,6,39,48,48,2005-0300-IND
85,3,6,39,48,48,2005-0318-IND
86,4,6,,64,64,2004-0515-CHN
87,4,6,,64,64,2005-0334-CHN
88,4,6,,64,64,2005-0344-CHN
89,4,6,,64,64,2005-0730-CHN
90,4,6,,64,64,2005-0311-CHN
91,4,6,,64,64,2005-0395-CHN
92,4,6,,64,64,2005-0307-CHN
93,4,6,,64,64,2005-0411-CHN
94,4,6,,64,64,2005-0808-CHN
95,4,6,,64,64,2005-0299-CHN
96,4,6,,64,64,2005-0777-CHN
97,4,6,,64,64,2005-0776-CHN
98,4,6,,64,64,2005-0310-CHN
99,6,6,84,96,96,2005-0391-BGD
100,7,6,100,112,112,2005-0296-BRA
101,7,6,100,112,112,2005-0293-BRA
102,0,7,0,0,0,2005-0728-CAN
103,2,7,23,32,32,2005-0382-MEX
104,3,7,39,48,48,2005-0409-IND
105,3,7,39,48,48,2005-0375-IND
106,3,7,39,48,48,2005-0354-IND
107,3,7,39,48,48,2005-0504-IND
108,3,7,39,48,48,2005-0335-IND
109,3,7,39,48,48,2005-0398-IND
110,3,7,39,48,48,2005-0399-IND
111,3,7,39,48,48,2005-0746-IND
112,3,7,39,48,48,2005-0479-IND
113,3,7,39,48,48,2005-0631-IND
114,3,7,39,48,48,2005-0358-IND
115,3,7,39,48,48,2005-0798-IND
116,3,7,39,48,48,2005-0412-IND
117,3,7,39,48,48,2005-0809-IND
118,4,7,,64,64,2004-0515-CHN
119,4,7,,64,64,2005-0419-CHN
120,4,7,,64,64,2005-0334-CHN
121,4,7,,64,64,2005-0505-CHN
122,4,7,,64,64,2005-0381-CHN
123,4,7,,64,64,2005-0413-CHN
124,4,7,,64,64,2005-0751-CHN
125,4,7,,64,64,2005-0411-CHN
126,4,7,,64,64,2005-0336-CHN
127,4,7,,64,64,2005-0356-CHN
128,4,7,,64,64,2005-0386-CHN
129,4,7,,64,64,2005-0410-CHN
130,4,7,,64,64,2005-0772-CHN
131,6,7,84,96,96,2005-0375-BGD
132,2,8,23,32,32,2005-0470-MEX
133,3,8,39,48,48,2005-0409-IND
134,3,8,39,48,48,2005-0471-IND
135,3,8,39,48,48,2005-0504-IND
136,3,8,39,48,48,2005-0746-IND
137,3,8,39,48,48,2005-0457-IND
138,3,8,39,48,48,2005-0481-IND
139,3,8,39,48,48,2005-0479-IND
140,3,8,39,48,48,2005-0631-IND
141,3,8,39,48,48,2005-0437-IND
142,3,8,39,48,48,2005-0803-IND
143,3,8,39,48,48,2005-0453-IND
144,4,8,,64,64,2004-0515-CHN
145,4,8,,64,64,2005-0419-CHN
146,4,8,,64,64,2005-0474-CHN
147,4,8,,64,64,2005-0740-CHN
148,4,8,,64,64,2005-0475-CHN
149,4,8,,64,64,2005-0751-CHN
150,4,8,,64,64,2005-0411-CHN
151,4,8,,64,64,2005-0422-CHN
152,4,8,,64,64,2005-0463-CHN
153,4,8,,64,64,2005-0416-CHN
154,4,8,,64,64,2005-0424-CHN
155,4,8,,64,64,2005-0447-CHN
156,6,8,84,96,96,2005-0800-BGD
157,6,8,84,96,96,2005-0801-BGD
158,0,9,0,0,0,2005-0591-CAN
159,0,9,0,0,0,2005-0553-CAN
160,2,9,23,32,32,2005-0601-MEX
161,2,9,23,32,32,2005-0532-MEX
162,3,9,39,48,48,2005-0539-IND
163,3,9,39,48,48,2005-0541-IND
164,3,9,39,48,48,2005-0603-IND
165,3,9,39,48,48,2005-0479-IND
166,3,9,39,48,48,2005-0631-IND
167,3,9,39,48,48,2005-0554-IND
168,3,9,39,48,48,2005-0811-IND
169,3,9,39,48,48,2005-0537-IND
170,4,9,,64,64,2004-0515-CHN
171,4,9,,64,64,2005-0510-CHN
172,4,9,,64,64,2005-0492-CHN
173,4,9,,64,64,2005-0474-CHN
174,4,9,,64,64,2005-0540-CHN
175,4,9,,64,64,2005-0592-CHN
176,4,9,,64,64,2005-0500-CHN
177,4,9,,64,64,2005-0529-CHN
178,4,9,,64,64,2005-0531-CHN
179,4,9,,64,64,2005-0513-CHN
180,4,9,,64,64,2005-0770-CHN
181,6,9,84,96,96,2005-0537-BGD
182,7,9,100,112,112,2005-0486-BRA
183,7,9,100,112,112,2005-0555-BRA
184,2,10,23,32,32,2005-0567-MEX
185,2,10,23,32,32,2005-0585-MEX
186,3,10,39,48,48,2005-0575-IND
187,3,10,39,48,48,2005-0603-IND
188,3,10,39,48,48,2005-0599-IND
189,3,10,39,48,48,2005-0627-IND
190,3,10,39,48,48,2005-0631-IND
191,3,10,39,48,48,2005-0573-IND
192,3,10,39,48,48,2005-0574-IND
193,3,10,39,48,48,2005-0606-IND
194,3,10,39,48,48,2005-0579-IND
195,3,10,39,48,48,2005-0563-IND
196,3,10,39,48,48,2005-0607-IND
197,3,10,39,48,48,2005-0633-IND
198,4,10,,64,64,2004-0515-CHN
199,4,10,,64,64,2005-0565-CHN
200,4,10,,64,64,2005-0592-CHN
201,4,10,,64,64,2005-0600-CHN
202,4,10,,64,64,2005-0564-CHN
203,4,10,,64,64,2005-0568-CHN
204,4,10,,64,64,2005-0609-CHN
205,4,10,,64,64,2005-0612-CHN
206,6,10,84,96,96,2005-0590-BGD
207,0,11,0,0,0,2005-0764-CAN
208,3,11,39,48,48,2005-0627-IND
209,3,11,39,48,48,2005-0631-IND
210,3,11,39,48,48,2005-0649-IND
211,3,11,39,48,48,2005-0652-IND
212,4,11,,64,64,2004-0515-CHN
213,4,11,,64,64,2005-0644-CHN
214,4,11,,64,64,2005-0651-CHN
215,4,11,,64,64,2005-0659-CHN
216,4,11,,64,64,2005-0619-CHN
217,4,11,,64,64,2005-0624-CHN
218,4,11,,64,64,2005-0656-CHN
219,4,11,,64,64,2005-0638-CHN
220,4,11,,64,64,2005-0648-CHN
221,4,11,,64,64,2005-0639-CHN
222,4,12,55,65,65,2004-0515-CHN
223,3,13,40,49,49,2006-0006-IND
224,3,13,40,49,49,2006-0032-IND
225,4,13,55,65,65,2004-0515-CHN
226,4,13,55,65,65,2006-0008-CHN
227,4,13,55,65,65,2006-0061-CHN
228,4,13,55,65,65,2006-0048-CHN
229,4,13,55,65,65,2006-0747-CHN
230,6,13,85,97,97,2006-0020-BGD
231,7,13,101,113,113,2006-0038-BRA
232,7,13,101,113,113,2006-0036-BRA
233,2,14,24,33,33,2006-0101-MEX
234,3,14,40,49,49,2006-0755-IND
235,4,14,55,65,65,2004-0515-CHN
236,4,14,55,65,65,2006-0105-CHN
237,4,14,55,65,65,2006-0097-CHN
238,4,14,55,65,65,2006-0050-CHN
239,4,14,55,65,65,2006-0103-CHN
240,6,14,85,97,97,2006-0062-BGD
241,6,14,85,97,97,2006-0104-BGD
242,6,14,85,97,97,2006-0122-BGD
243,6,14,85,97,97,2006-0067-BGD
244,3,15,40,49,49,2006-0731-IND
245,4,15,55,65,65,2004-0515-CHN
246,4,15,55,65,65,2006-0151-CHN
247,4,15,55,65,65,2006-0125-CHN
248,4,15,55,65,65,2006-0138-CHN
249,6,15,85,97,97,2006-0146-BGD
250,7,15,101,113,113,2006-0201-BRA
251,0,16,1,1,1,2006-0224-CAN
252,0,16,1,1,1,2006-0203-CAN
253,0,16,1,1,1,2006-0206-CAN
254,2,16,24,33,33,2006-0193-MEX
255,3,16,40,49,49,2006-0207-IND
256,3,16,40,49,49,2006-0169-IND
257,3,16,40,49,49,2006-0190-IND
258,3,16,40,49,49,2006-0176-IND
259,3,16,40,49,49,2006-0748-IND
260,4,16,55,65,65,2004-0515-CHN
261,4,16,55,65,65,2006-0745-CHN
262,4,16,55,65,65,2006-0199-CHN
263,4,16,55,65,65,2006-0250-CHN
264,4,16,55,65,65,2006-0162-CHN
265,4,16,55,65,65,2006-0163-CHN
266,4,16,55,65,65,2006-0173-CHN
267,4,16,55,65,65,2006-0217-CHN
268,6,16,85,97,97,2006-0739-BGD
269,6,16,85,97,97,2006-0738-BGD
270,6,16,85,97,97,2006-0737-BGD
271,6,16,85,97,97,2006-0212-BGD
272,7,16,101,113,113,2006-0201-BRA
273,7,16,101,113,113,2006-0160-BRA
274,0,17,1,1,1,2006-0224-CAN
275,0,17,1,1,1,2006-0261-CAN
276,0,17,1,1,1,2006-0269-CAN
277,3,17,40,49,49,2006-0740-IND
278,3,17,40,49,49,2006-0262-IND
279,3,17,40,49,49,2006-0263-IND
280,3,17,40,49,49,2006-0265-IND
281,3,17,40,49,49,2006-0295-IND
282,3,17,40,49,49,2006-0258-IND
283,4,17,55,65,65,2004-0515-CHN
284,4,17,55,65,65,2006-0251-CHN
285,4,17,55,65,65,2006-0732-CHN
286,4,17,55,65,65,2006-0264-CHN
287,4,17,55,65,65,2006-0199-CHN
288,4,17,55,65,65,2006-9741-CHN
289,4,17,55,65,65,2006-0250-CHN
290,4,17,55,65,65,2006-0266-CHN
291,4,17,55,65,65,2006-0227-CHN
292,4,17,55,65,65,2006-0244-CHN
293,4,17,55,65,65,2006-0285-CHN
294,6,17,85,97,97,2006-0262-BGD
295,0,18,1,1,1,2006-0261-CAN
296,3,18,40,49,49,2006-0262-IND
297,3,18,40,49,49,2006-0263-IND
298,3,18,40,49,49,2006-0265-IND
299,3,18,40,49,49,2006-0342-IND
300,3,18,40,49,49,2006-0303-IND
301,4,18,55,65,65,2004-0515-CHN
302,4,18,55,65,65,2006-0336-CHN
303,4,18,55,65,65,2006-0337-CHN
304,4,18,55,65,65,2006-0300-CHN
305,4,18,55,65,65,2006-0340-CHN
306,4,18,55,65,65,2006-0264-CHN
307,4,18,55,65,65,2006-0298-CHN
308,4,18,55,65,65,2006-9741-CHN
309,4,18,55,65,65,2006-0464-CHN
310,4,18,55,65,65,2006-0304-CHN
311,4,18,55,65,65,2006-0297-CHN
312,4,18,55,65,65,2006-0323-CHN
313,4,18,55,65,65,2006-0339-CHN
314,4,18,55,65,65,2006-0309-CHN
315,4,18,55,65,65,2006-0280-CHN
316,4,18,55,65,65,2006-0301-CHN
317,4,18,55,65,65,2006-0331-CHN
318,4,18,55,65,65,2006-0353-CHN
319,6,18,85,97,97,2006-0262-BGD
320,2,19,24,33,33,2006-0413-MEX
321,3,19,40,49,49,2006-0370-IND
322,3,19,40,49,49,2006-0417-IND
323,3,19,40,49,49,2006-0262-IND
324,3,19,40,49,49,2006-0369-IND
325,3,19,40,49,49,2006-0389-IND
326,4,19,55,65,65,2004-0515-CHN
327,4,19,55,65,65,2006-0336-CHN
328,4,19,55,65,65,2006-0388-CHN
329,4,19,55,65,65,2006-0337-CHN
330,4,19,55,65,65,2006-0362-CHN
331,4,19,55,65,65,2006-0371-CHN
332,4,19,55,65,65,2006-9741-CHN
333,4,19,55,65,65,2006-0397-CHN
334,4,19,55,65,65,2006-0392-CHN
335,4,19,55,65,65,2006-0364-CHN
336,4,19,55,65,65,2006-0367-CHN
337,4,19,55,65,65,2006-0394-CHN
338,4,19,55,65,65,2006-0376-CHN
339,4,19,55,65,65,2006-0384-CHN
340,4,19,55,65,65,2006-0401-CHN
341,4,19,55,65,65,2006-0395-CHN
342,4,19,55,65,65,2006-0377-CHN
343,6,19,85,97,97,2006-0262-BGD
344,6,19,85,97,97,2006-0398-BGD
345,2,20,24,33,33,2006-0413-MEX
346,2,20,24,33,33,2006-0407-MEX
347,3,20,40,49,49,2006-0548-IND
348,3,20,40,49,49,2006-0417-IND
349,3,20,40,49,49,2006-0389-IND
350,3,20,40,49,49,2006-0469-IND
351,3,20,40,49,49,2006-0549-IND
352,3,20,40,49,49,2006-0712-IND
353,3,20,40,49,49,2006-0467-IND
354,3,20,40,49,49,2006-0465-IND
355,3,20,40,49,49,2006-0479-IND
356,4,20,55,65,65,2004-0515-CHN
357,4,20,55,65,65,2006-0475-CHN
358,4,20,55,65,65,2006-0410-CHN
359,4,20,55,65,65,2006-9741-CHN
360,4,20,55,65,65,2006-0437-CHN
361,4,20,55,65,65,2006-0481-CHN
362,4,20,55,65,65,2006-0474-CHN
363,4,20,55,65,65,2006-0476-CHN
364,4,20,55,65,65,2006-0420-CHN
365,6,20,85,97,97,2006-0502-BGD
366,2,21,24,33,33,2006-0483-MEX
367,2,21,24,33,33,2006-0505-MEX
368,2,21,24,33,33,2006-0498-MEX
369,3,21,40,49,49,2006-0548-IND
370,3,21,40,49,49,2006-0417-IND
371,3,21,40,49,49,2006-0510-IND
372,3,21,40,49,49,2006-0469-IND
373,3,21,40,49,49,2006-0549-IND
374,3,21,40,49,49,2006-0712-IND
375,3,21,40,49,49,2006-0500-IND
376,4,21,55,65,65,2004-0515-CHN
377,4,21,55,65,65,2006-9741-CHN
378,6,21,85,97,97,2006-0510-BGD
379,6,21,85,97,97,2006-0502-BGD
380,7,21,101,113,113,2006-0519-BRA
381,2,22,24,33,33,2006-0604-MEX
382,2,22,24,33,33,2006-0561-MEX
383,3,22,40,49,49,2006-0510-IND
384,3,22,40,49,49,2006-0734-IND
385,3,22,40,49,49,2006-0601-IND
386,3,22,40,49,49,2006-0557-IND
387,4,22,55,65,65,2004-0515-CHN
388,4,22,55,65,65,2006-0567-CHN
389,4,22,55,65,65,2006-0586-CHN
390,4,22,55,65,65,2006-0520-CHN
391,4,22,55,65,65,2006-0534-CHN
392,4,22,55,65,65,2006-0535-CHN
393,4,22,55,65,65,2006-0579-CHN
394,4,22,55,65,65,2006-0580-CHN
395,4,22,55,65,65,2006-0644-CHN
396,4,22,55,65,65,2006-0621-CHN
397,6,22,85,97,97,2006-0510-BGD
398,6,22,85,97,97,2006-0571-BGD
399,3,23,40,49,49,2006-0601-IND
400,3,23,40,49,49,2006-0671-IND
401,4,23,55,65,65,2004-0515-CHN
402,4,23,55,65,65,2006-0620-CHN
403,4,23,55,65,65,2006-0590-CHN
404,4,23,55,65,65,2006-0591-CHN
405,4,23,55,65,65,2006-0626-CHN
406,4,23,55,65,65,2006-0627-CHN
407,4,23,55,65,65,2006-0629-CHN
408,4,23,55,65,65,2006-0710-CHN
409,4,24,56,66,66,2004-0515-CHN
410,2,25,25,34,34,2007-0038-MEX
411,3,25,41,50,50,2007-0017-IND
412,3,25,41,50,50,2007-0009-IND
413,4,25,56,66,66,2004-0515-CHN
414,4,25,56,66,66,2007-0031-CHN
415,4,25,56,66,66,2007-0073-CHN
416,4,25,56,66,66,2007-0054-CHN
417,4,25,56,66,66,2007-0717-CHN
418,6,25,86,98,98,2007-0004-BGD
419,7,25,102,114,114,2007-0003-BRA
420,7,25,102,114,114,2007-0015-BRA
421,0,26,2,2,2,2007-0066-CAN
422,3,26,41,50,50,2007-0046-IND
423,3,26,41,50,50,2007-0089-IND
424,3,26,41,50,50,2007-0683-IND
425,3,26,41,50,50,2007-0079-IND
426,4,26,56,66,66,2004-0515-CHN
427,4,26,56,66,66,2007-0052-CHN
428,4,26,56,66,66,2007-0711-CHN
429,3,27,41,50,50,2007-0687-IND
430,3,27,41,50,50,2007-0120-IND
431,4,27,56,66,66,2004-0515-CHN
432,4,27,56,66,66,2007-0117-CHN
433,4,27,56,66,66,2007-0119-CHN
434,4,27,56,66,66,2007-0122-CHN
435,4,27,56,66,66,2007-0123-CHN
436,3,28,41,50,50,2007-0696-IND
437,4,28,56,66,66,2004-0515-CHN
438,4,28,56,66,66,2007-0137-CHN
439,4,28,56,66,66,2007-0698-CHN
440,4,28,56,66,66,2007-0149-CHN
441,4,28,56,66,66,2007-0154-CHN
442,4,28,56,66,66,2007-0155-CHN
443,4,28,56,66,66,2007-0719-CHN
444,4,28,56,66,66,2007-0147-CHN
445,3,29,41,50,50,2007-0210-IND
446,3,29,41,50,50,2007-0226-IND
447,3,29,41,50,50,2007-0715-IND
448,4,29,56,66,66,2004-0515-CHN
449,4,29,56,66,66,2007-0172-CHN
450,4,29,56,66,66,2007-0372-CHN
451,4,29,56,66,66,2007-0373-CHN
452,4,29,56,66,66,2007-0229-CHN
453,4,29,56,66,66,2007-0159-CHN
454,4,29,56,66,66,2007-0228-CHN
455,4,29,56,66,66,2007-0218-CHN
456,6,29,86,98,98,2007-0227-BGD
457,0,30,2,2,2,2007-0165-CAN
458,3,30,41,50,50,2007-0250-IND
459,3,30,41,50,50,2007-0225-IND
460,3,30,41,50,50,2007-0240-IND
461,4,30,56,66,66,2004-0515-CHN
462,4,30,56,66,66,2007-0268-CHN
463,4,30,56,66,66,2007-0217-CHN
464,4,30,56,66,66,2007-0296-CHN
465,4,30,56,66,66,2007-0166-CHN
466,6,30,86,98,98,2007-0161-BGD
467,2,31,25,34,34,2007-0266-MEX
468,3,31,41,50,50,2007-0250-IND
469,3,31,41,50,50,2007-0238-IND
470,3,31,41,50,50,2007-0239-IND
471,3,31,41,50,50,2007-0240-IND
472,3,31,41,50,50,2007-0311-IND
473,3,31,41,50,50,2007-0320-IND
474,3,31,41,50,50,2007-0602-IND
475,3,31,41,50,50,2007-0603-IND
476,3,31,41,50,50,2007-0289-IND
477,4,31,56,66,66,2007-0314-CHN
478,4,31,56,66,66,2007-0268-CHN
479,4,31,56,66,66,2007-0313-CHN
480,4,31,56,66,66,2007-0315-CHN
481,4,31,56,66,66,2007-0333-CHN
482,4,31,56,66,66,2007-0297-CHN
483,4,31,56,66,66,2007-0296-CHN
484,4,31,56,66,66,2007-0302-CHN
485,4,31,56,66,66,2007-0342-CHN
486,4,31,56,66,66,2007-0292-CHN
487,6,31,86,98,98,2007-0311-BGD
488,6,31,86,98,98,2007-0509-BGD
489,6,31,86,98,98,2007-0510-BGD
490,7,31,102,114,114,2007-0285-BRA
491,2,32,25,34,34,2007-0360-MEX
492,3,32,41,50,50,2007-0364-IND
493,3,32,41,50,50,2007-0311-IND
494,3,32,41,50,50,2007-0320-IND
495,3,32,41,50,50,2007-0415-IND
496,3,32,41,50,50,2007-0596-IND
497,3,32,41,50,50,2007-0602-IND
498,3,32,41,50,50,2007-0699-IND
499,3,32,41,50,50,2007-0355-IND
500,4,32,56,66,66,2007-0313-CHN
501,4,32,56,66,66,2007-0315-CHN
502,4,32,56,66,66,2007-0333-CHN
503,4,32,56,66,66,2007-0401-CHN
504,4,32,56,66,66,2007-0405-CHN
505,4,32,56,66,66,2007-0380-CHN
506,4,32,56,66,66,2007-0387-CHN
507,4,32,56,66,66,2007-0414-CHN
508,4,32,56,66,66,2007-0448-CHN
509,4,32,56,66,66,2007-0385-CHN
510,4,32,56,66,66,2007-0384-CHN
511,4,32,56,66,66,2007-0354-CHN
512,6,32,86,98,98,2007-0311-BGD
513,6,32,86,98,98,2007-0509-BGD
514,6,32,86,98,98,2007-0510-BGD
515,2,33,25,34,34,2007-0464-MEX
516,2,33,25,34,34,2007-0439-MEX
517,2,33,25,34,34,2007-0435-MEX
518,2,33,25,34,34,2007-0671-MEX
519,2,33,25,34,34,2007-0434-MEX
520,2,33,25,34,34,2007-0445-MEX
521,3,33,41,50,50,2007-0467-IND
522,3,33,41,50,50,2007-0320-IND
523,3,33,41,50,50,2007-0469-IND
524,3,33,41,50,50,2007-0602-IND
525,3,33,41,50,50,2007-0481-IND
526,3,33,41,50,50,2007-0484-IND
527,4,33,56,66,66,2007-0457-CHN
528,4,33,56,66,66,2007-0401-CHN
529,4,33,56,66,66,2007-0448-CHN
530,4,33,56,66,66,2007-0451-CHN
531,6,33,86,98,98,2007-0509-BGD
532,6,33,86,98,98,2007-0510-BGD
533,7,33,102,114,114,2007-0465-BRA
534,2,34,25,34,34,2007-0521-MEX
535,2,34,25,34,34,2007-0464-MEX
536,2,34,25,34,34,2007-0517-MEX
537,2,34,25,34,34,2007-0549-MEX
538,3,34,41,50,50,2007-0467-IND
539,3,34,41,50,50,2007-0469-IND
540,3,34,41,50,50,2007-0524-IND
541,3,34,41,50,50,2007-0602-IND
542,3,34,41,50,50,2007-0504-IND
543,4,34,56,66,66,2007-0552-CHN
544,4,34,56,66,66,2007-0474-CHN
545,4,34,56,66,66,2007-0506-CHN
546,4,34,56,66,66,2007-0520-CHN
547,4,34,56,66,66,2007-0547-CHN
548,4,34,56,66,66,2007-0550-CHN
549,6,34,86,98,98,2007-0509-BGD
550,6,34,86,98,98,2007-0510-BGD
551,7,34,102,114,114,2007-0528-BRA
552,2,35,25,34,34,2007-0521-MEX
553,2,35,25,34,34,2007-0537-MEX
554,3,35,41,50,50,2007-0524-IND
555,3,35,41,50,50,2007-0556-IND
556,3,35,41,50,50,2007-0726-IND
557,4,35,56,66,66,2007-0580-CHN
558,4,35,56,66,66,2007-0546-CHN
559,4,35,56,66,66,2007-0574-CHN
560,4,35,56,66,66,2007-0586-CHN
561,6,35,86,98,98,2007-0556-BGD
562,6,35,86,98,98,2007-0716-BGD
563,4,37,57,67,67,2008-0020-CHN
564,4,37,57,67,67,2008-0030-CHN
565,4,37,57,67,67,2008-0002-CHN
566,4,37,57,67,67,2008-0047-CHN
567,4,37,57,67,67,2008-0029-CHN
568,4,37,57,67,67,2008-0023-CHN
569,7,37,103,115,115,2008-0016-BRA
570,3,38,42,51,51,2008-0062-IND
571,3,38,42,51,51,2008-0088-IND
572,4,38,57,67,67,2008-0020-CHN
573,4,38,57,67,67,2008-0073-CHN
574,4,38,57,67,67,2008-0058-CHN
575,4,38,57,67,67,2008-0069-CHN
576,6,38,87,99,99,2008-0072-BGD
577,6,38,87,99,99,2008-0087-BGD
578,7,38,103,115,115,2008-0041-BRA
579,7,38,103,115,115,2008-0089-BRA
580,3,39,42,51,51,2008-0147-IND
581,3,39,42,51,51,2008-0130-IND
582,4,39,57,67,67,2008-0140-CHN
583,4,39,57,67,67,2008-0150-CHN
584,4,39,57,67,67,2008-0119-CHN
585,4,39,57,67,67,2008-0120-CHN
586,6,39,87,99,99,2008-0644-BGD
587,7,39,103,115,115,2008-0125-BRA
588,0,40,3,3,3,2008-0264-CAN
589,0,40,3,3,3,2008-0170-CAN
590,2,40,26,35,35,2008-0158-MEX
591,3,40,42,51,51,2008-0161-IND
592,4,40,57,67,67,2008-0155-CHN
593,4,40,57,67,67,2008-0651-CHN
594,4,40,57,67,67,2008-0171-CHN
595,7,40,103,115,115,2008-0125-BRA
596,0,41,3,3,3,2008-0264-CAN
597,2,41,26,35,35,2008-0198-MEX
598,3,41,42,51,51,2008-0646-IND
599,3,41,42,51,51,2008-0214-IND
600,4,41,57,67,67,2008-0192-CHN
601,4,41,57,67,67,2008-0212-CHN
602,4,41,57,67,67,2008-0650-CHN
603,4,41,57,67,67,2008-0263-CHN
604,4,41,57,67,67,2008-0196-CHN
605,7,41,103,115,115,2008-0346-BRA
606,7,41,103,115,115,2008-0186-BRA
607,2,42,26,35,35,2008-0255-MEX
608,2,42,26,35,35,2008-0248-MEX
609,3,42,42,51,51,2008-0246-IND
610,4,42,57,67,67,2008-0212-CHN
611,4,42,57,67,67,2008-0243-CHN
612,4,42,57,67,67,2008-0249-CHN
613,4,42,57,67,67,2008-0652-CHN
614,4,42,57,67,67,2008-0241-CHN
615,4,42,57,67,67,2008-0239-CHN
616,6,42,87,99,99,2008-0285-BGD
617,2,43,26,35,35,2008-0304-MEX
618,2,43,26,35,35,2008-0288-MEX
619,2,43,26,35,35,2008-0287-MEX
620,3,43,42,51,51,2008-0246-IND
621,3,43,42,51,51,2008-0285-IND
622,3,43,42,51,51,2008-0615-IND
623,3,43,42,51,51,2008-0298-IND
624,4,43,57,67,67,2008-0292-CHN
625,4,43,57,67,67,2008-0598-CHN
626,4,43,57,67,67,2008-0596-CHN
627,4,43,57,67,67,2008-0286-CHN
628,4,43,57,67,67,2008-0308-CHN
629,6,43,87,99,99,2008-0285-BGD
630,7,43,103,115,115,2008-0419-BRA
631,0,44,3,3,3,2008-0606-CAN
632,3,44,42,51,51,2008-0486-IND
633,3,44,42,51,51,2008-0615-IND
634,3,44,42,51,51,2008-0315-IND
635,3,44,42,51,51,2008-0319-IND
636,4,44,57,67,67,2008-0369-CHN
637,4,44,57,67,67,2008-0292-CHN
638,4,44,57,67,67,2008-0329-CHN
639,4,44,57,67,67,2008-0325-CHN
640,4,44,57,67,67,2008-0355-CHN
641,4,44,57,67,67,2008-0374-CHN
642,4,44,57,67,67,2008-0416-CHN
643,4,44,57,67,67,2008-0335-CHN
644,4,44,57,67,67,2008-0316-CHN
645,4,44,57,67,67,2008-0342-CHN
646,4,44,57,67,67,2008-0359-CHN
647,6,44,87,99,99,2008-0385-BGD
648,6,44,87,99,99,2008-0568-BGD
649,7,44,103,115,115,2008-0343-BRA
650,2,45,26,35,35,2008-0433-MEX
651,3,45,42,51,51,2008-0423-IND
652,3,45,42,51,51,2008-0486-IND
653,3,45,42,51,51,2008-0415-IND
654,3,45,42,51,51,2008-0436-IND
655,4,45,57,67,67,2008-0398-CHN
656,4,45,57,67,67,2008-0426-CHN
657,4,45,57,67,67,2008-0441-CHN
658,4,45,57,67,67,2008-0405-CHN
659,4,45,57,67,67,2008-0387-CHN
660,4,45,57,67,67,2008-0390-CHN
661,4,45,57,67,67,2008-0391-CHN
662,4,45,57,67,67,2008-0429-CHN
663,4,45,57,67,67,2008-0432-CHN
664,4,45,57,67,67,2008-0395-CHN
665,4,45,57,67,67,2008-0428-CHN
666,6,45,87,99,99,2008-0385-BGD
667,2,46,26,35,35,2008-0494-MEX
668,3,46,42,51,51,2008-0491-IND
669,3,46,42,51,51,2008-0492-IND
670,3,46,42,51,51,2008-0497-IND
671,4,46,57,67,67,2008-0507-CHN
672,4,46,57,67,67,2008-0455-CHN
673,4,46,57,67,67,2008-0519-CHN
674,4,46,57,67,67,2008-0493-CHN
675,6,46,87,99,99,2008-0648-BGD
676,2,47,26,35,35,2008-0531-MEX
677,2,47,26,35,35,2008-0512-MEX
678,3,47,42,51,51,2008-0560-IND
679,3,47,42,51,51,2008-0504-IND
680,4,47,57,67,67,2008-0507-CHN
681,4,47,57,67,67,2008-0534-CHN
682,4,47,57,67,67,2008-0557-CHN
683,4,47,57,67,67,2008-0530-CHN
684,7,47,103,115,115,2008-0549-BRA
685,3,49,43,52,52,2009-0583-IND
686,4,49,58,68,68,2009-0059-CHN
687,4,49,58,68,68,2009-0009-CHN
688,4,49,58,68,68,2009-0062-CHN
689,7,49,104,116,116,2009-0017-BRA
690,7,49,104,116,116,2009-0034-BRA
691,3,50,43,52,52,2009-0072-IND
692,4,50,58,68,68,2009-0080-CHN
693,6,50,88,100,100,2009-0077-BGD
694,7,50,104,116,116,2009-0068-BRA
695,0,51,4,4,4,2009-0099-CAN
696,2,51,27,36,36,2009-0113-MEX
697,2,51,27,36,36,2009-0115-MEX
698,3,51,43,52,52,2009-0130-IND
699,4,51,58,68,68,2009-0122-CHN
700,0,52,4,4,4,2009-0189-CAN
701,2,52,27,36,36,2009-0151-MEX
702,3,52,43,52,52,2009-0175-IND
703,4,52,58,68,68,2009-0153-CHN
704,4,52,58,68,68,2009-0219-CHN
705,4,52,58,68,68,2009-0166-CHN
706,6,52,88,100,100,2009-0157-BGD
707,7,52,104,116,116,2009-0163-BRA
708,3,53,43,52,52,2009-0204-IND
709,3,53,43,52,52,2009-0640-IND
710,3,53,43,52,52,2009-0175-IND
711,4,53,58,68,68,2009-0219-CHN
712,4,53,58,68,68,2009-0183-CHN
713,4,53,58,68,68,2009-0213-CHN
714,4,53,58,68,68,2009-0199-CHN
715,4,53,58,68,68,2009-0185-CHN
716,6,53,88,100,100,2009-0204-BGD
717,7,53,104,116,116,2009-0163-BRA
718,7,53,104,116,116,2009-0207-BRA
719,7,53,104,116,116,2009-0201-BRA
720,2,54,27,36,36,2009-0216-MEX
721,3,54,43,52,52,2009-0641-IND
722,3,54,43,52,52,2009-0240-IND
723,3,54,43,52,52,2009-0175-IND
724,4,54,58,68,68,2009-0224-CHN
725,4,54,58,68,68,2009-0222-CHN
726,4,54,58,68,68,2009-0219-CHN
727,4,54,58,68,68,2009-0235-CHN
728,4,54,58,68,68,2009-0636-CHN
729,4,54,58,68,68,2009-0218-CHN
730,4,54,58,68,68,2009-0307-CHN
731,4,54,58,68,68,2009-0237-CHN
732,7,54,104,116,116,2009-0238-BRA
733,7,54,104,116,116,2009-0214-BRA
734,2,55,27,36,36,2009-0614-MEX
735,3,55,43,52,52,2009-0303-IND
736,4,55,58,68,68,2009-0292-CHN
737,4,55,58,68,68,2009-0613-CHN
738,4,55,58,68,68,2009-0249-CHN
739,4,55,58,68,68,2009-0284-CHN
740,4,55,58,68,68,2009-0285-CHN
741,4,55,58,68,68,2009-0257-CHN
742,6,55,88,100,100,2009-0294-BGD
743,6,55,88,100,100,2009-0304-BGD
744,0,56,4,4,4,2009-0619-CAN
745,0,56,4,4,4,2009-0342-CAN
746,3,56,43,52,52,2009-0638-IND
747,3,56,43,52,52,2009-0315-IND
748,4,56,58,68,68,2009-0642-CHN
749,4,56,58,68,68,2009-0321-CHN
750,4,56,58,68,68,2009-0378-CHN
751,4,56,58,68,68,2009-0613-CHN
752,4,56,58,68,68,2009-0621-CHN
753,4,56,58,68,68,2009-0299-CHN
754,4,56,58,68,68,2009-0313-CHN
755,4,56,58,68,68,2009-0343-CHN
756,2,57,27,36,36,2009-0384-MEX
757,2,57,27,36,36,2009-0377-MEX
758,2,57,27,36,36,2009-0367-MEX
759,3,57,43,52,52,2009-0429-IND
760,3,57,43,52,52,2009-0383-IND
761,3,57,43,52,52,2009-0427-IND
762,3,57,43,52,52,2009-0413-IND
763,4,57,58,68,68,2009-0378-CHN
764,4,57,58,68,68,2009-0399-CHN
765,4,57,58,68,68,2009-0402-CHN
766,4,57,58,68,68,2009-0363-CHN
767,4,57,58,68,68,2009-0387-CHN
768,4,57,58,68,68,2009-0417-CHN
769,4,57,58,68,68,2009-0389-CHN
770,7,57,104,116,116,2009-0356-BRA
771,2,58,27,36,36,2009-0561-MEX
772,3,58,43,52,52,2009-0443-IND
773,3,58,43,52,52,2009-0429-IND
774,3,58,43,52,52,2009-0455-IND
775,3,58,43,52,52,2009-0504-IND
776,3,58,43,52,52,2009-0446-IND
777,4,58,58,68,68,2009-0422-CHN
778,4,58,58,68,68,2009-0431-CHN
779,4,58,58,68,68,2009-0458-CHN
780,4,58,58,68,68,2009-0432-CHN
781,6,58,88,100,100,2009-0472-BGD
782,2,59,27,36,36,2009-0515-MEX
783,2,59,27,36,36,2009-0477-MEX
784,3,59,43,52,52,2009-0483-IND
785,3,59,43,52,52,2009-0609-IND
786,4,59,58,68,68,2009-0487-CHN
787,4,59,58,68,68,2009-0499-CHN
788,4,59,58,68,68,2009-0500-CHN
789,4,59,58,68,68,2009-0519-CHN
790,4,59,58,68,68,2009-0528-CHN
791,6,59,88,100,100,2009-0525-BGD
792,7,59,104,116,116,2009-0512-BRA
793,7,59,104,116,116,2009-0531-BRA
794,7,59,104,116,116,2009-0560-BRA
795,6,60,89,101,101,2009-0595-BGD
796,7,60,105,117,117,2009-0600-BRA
797,2,61,28,37,37,2010-0058-MEX
798,3,61,44,53,53,2009-0595-IND
799,3,61,44,53,53,2010-0041-IND
800,3,61,44,53,53,2010-0005-IND
801,4,61,59,69,69,2010-0036-CHN
802,4,61,59,69,69,2010-0667-CHN
803,4,61,59,69,69,2010-0064-CHN
804,4,61,59,69,69,2010-0010-CHN
805,4,61,59,69,69,2010-0014-CHN
806,6,61,89,101,101,2009-0595-BGD
807,6,61,89,101,101,2010-0004-BGD
808,7,61,105,117,117,2009-0600-BRA
809,7,61,105,117,117,2010-0013-BRA
810,2,62,28,37,37,2010-0058-MEX
811,3,62,44,53,53,2010-0052-IND
812,3,62,44,53,53,2010-0059-IND
813,4,62,59,69,69,2010-0087-CHN
814,4,62,59,69,69,2010-0090-CHN
815,6,62,89,101,101,2010-0085-BGD
816,3,63,44,53,53,2010-0096-IND
817,4,63,59,69,69,2010-0682-CHN
818,4,63,59,69,69,2010-0159-CHN
819,4,63,59,69,69,2010-0107-CHN
820,4,63,59,69,69,2010-0152-CHN
821,4,63,59,69,69,2010-0160-CHN
822,2,64,28,37,37,2010-0158-MEX
823,3,64,44,53,53,2010-0694-IND
824,3,64,44,53,53,2010-0171-IND
825,4,64,59,69,69,2010-0169-CHN
826,6,64,89,101,101,2010-0171-BGD
827,6,64,89,101,101,2010-0205-BGD
828,7,64,105,117,117,2010-0147-BRA
829,3,65,44,53,53,2010-0688-IND
830,3,65,44,53,53,2010-0198-IND
831,3,65,44,53,53,2010-0177-IND
832,3,65,44,53,53,2010-0283-IND
833,3,65,44,53,53,2010-0200-IND
834,3,65,44,53,53,2010-0221-IND
835,4,65,59,69,69,2010-0179-CHN
836,4,65,59,69,69,2010-0239-CHN
837,4,65,59,69,69,2010-0216-CHN
838,4,65,59,69,69,2010-0201-CHN
839,4,65,59,69,69,2010-0202-CHN
840,4,65,59,69,69,2010-0195-CHN
841,4,65,59,69,69,2010-0197-CHN
842,4,65,59,69,69,2010-0222-CHN
843,4,65,59,69,69,2010-0188-CHN
844,6,65,89,101,101,2010-0686-BGD
845,2,66,28,37,37,2010-0260-MEX
846,2,66,28,37,37,2010-0244-MEX
847,2,66,28,37,37,2010-0237-MEX
848,3,66,44,53,53,2010-0227-IND
849,3,66,44,53,53,2010-0257-IND
850,3,66,44,53,53,2010-0229-IND
851,4,66,59,69,69,2010-0239-CHN
852,4,66,59,69,69,2010-0216-CHN
853,4,66,59,69,69,2010-0262-CHN
854,4,66,59,69,69,2010-0256-CHN
855,4,66,59,69,69,2010-0245-CHN
856,6,66,89,101,101,2010-0269-BGD
857,6,66,89,101,101,2010-0231-BGD
858,6,66,89,101,101,2010-0208-BGD
859,6,66,89,101,101,2010-0218-BGD
860,6,66,89,101,101,2010-0214-BGD
861,7,66,105,117,117,2010-0248-BRA
862,2,67,28,37,37,2010-0260-MEX
863,3,67,44,53,53,2010-0276-IND
864,3,67,44,53,53,2010-0321-IND
865,3,67,44,53,53,2010-0296-IND
866,3,67,44,53,53,2010-0314-IND
867,4,67,59,69,69,2010-0239-CHN
868,4,67,59,69,69,2010-0354-CHN
869,4,67,59,69,69,2010-0308-CHN
870,4,67,59,69,69,2010-0312-CHN
871,4,67,59,69,69,2010-0325-CHN
872,4,67,59,69,69,2010-0350-CHN
873,4,67,59,69,69,2010-0362-CHN
874,4,67,59,69,69,2010-0303-CHN
875,4,67,59,69,69,2010-0310-CHN
876,4,67,59,69,69,2010-0355-CHN
877,4,67,59,69,69,2010-0317-CHN
878,2,68,28,37,37,2010-0426-MEX
879,3,68,44,53,53,2010-0373-IND
880,3,68,44,53,53,2010-0428-IND
881,3,68,44,53,53,2010-0413-IND
882,3,68,44,53,53,2010-0410-IND
883,4,68,59,69,69,2010-0239-CHN
884,4,68,59,69,69,2010-0673-CHN
885,4,68,59,69,69,2010-0405-CHN
886,4,68,59,69,69,2010-0415-CHN
887,4,68,59,69,69,2010-0377-CHN
888,4,68,59,69,69,2010-0394-CHN
889,4,68,59,69,69,2010-0411-CHN
890,4,68,59,69,69,2010-0433-CHN
891,4,68,59,69,69,2010-0348-CHN
892,4,68,59,69,69,2010-0349-CHN
893,4,68,59,69,69,2010-0403-CHN
894,4,68,59,69,69,2010-0378-CHN
895,4,68,59,69,69,2010-0397-CHN
896,2,69,28,37,37,2010-0503-MEX
897,2,69,28,37,37,2010-0467-MEX
898,2,69,28,37,37,2010-0494-MEX
899,2,69,28,37,37,2010-0496-MEX
900,2,69,28,37,37,2010-0510-MEX
901,2,69,28,37,37,2010-0462-MEX
902,3,69,44,53,53,2010-0492-IND
903,3,69,44,53,53,2010-0416-IND
904,3,69,44,53,53,2010-0493-IND
905,3,69,44,53,53,2010-0472-IND
906,3,69,44,53,53,2010-0487-IND
907,4,69,59,69,69,2010-0484-CHN
908,4,69,59,69,69,2010-0464-CHN
909,4,69,59,69,69,2010-0691-CHN
910,7,69,105,117,117,2010-0477-BRA
911,2,70,28,37,37,2010-0540-MEX
912,3,70,44,53,53,2010-0693-IND
913,3,70,44,53,53,2010-0525-IND
914,3,70,44,53,53,2010-0568-IND
915,3,70,44,53,53,2010-0548-IND
916,4,70,59,69,69,2010-0530-CHN
917,4,70,59,69,69,2010-0543-CHN
918,4,70,59,69,69,2010-0544-CHN
919,4,70,59,69,69,2010-0565-CHN
920,6,70,89,101,101,2010-0676-BGD
921,7,70,105,117,117,2010-0549-BRA
922,2,71,28,37,37,2010-0603-MEX
923,3,71,44,53,53,2010-0693-IND
924,3,71,44,53,53,2010-0629-IND
925,3,71,44,53,53,2010-0598-IND
926,4,71,59,69,69,2010-0600-CHN
927,4,71,59,69,69,2010-0599-CHN
928,4,71,59,69,69,2010-0602-CHN
929,3,73,45,54,54,2011-0007-IND
930,3,73,45,54,54,2011-0001-IND
931,3,73,45,54,54,2011-0017-IND
932,4,73,60,70,70,2011-0002-CHN
933,6,73,90,102,102,2011-0018-BGD
934,7,73,106,118,118,2011-0014-BRA
935,2,74,29,38,38,2011-0105-MEX
936,4,74,60,70,70,2011-0030-CHN
937,6,74,90,102,102,2011-0018-BGD
938,7,74,106,118,118,2011-0075-BRA
939,3,75,45,54,54,2011-0500-IND
940,4,75,60,70,70,2011-0079-CHN
941,4,75,60,70,70,2011-0090-CHN
942,4,75,60,70,70,2011-0123-CHN
943,7,75,106,118,118,2011-0086-BRA
944,7,75,106,118,118,2011-0078-BRA
945,0,76,6,6,6,2011-0131-CAN
946,3,76,45,54,54,2011-0136-IND
947,3,76,45,54,54,2011-0593-IND
948,4,76,60,70,70,2011-0135-CHN
949,4,76,60,70,70,2011-0143-CHN
950,6,76,90,102,102,2011-0138-BGD
951,6,76,90,102,102,2011-0591-BGD
952,7,76,106,118,118,2011-0142-BRA
953,0,77,6,6,6,2011-0131-CAN
954,0,77,6,6,6,2011-0630-CAN
955,2,77,29,38,38,2011-0163-MEX
956,2,77,29,38,38,2011-0174-MEX
957,3,77,45,54,54,2011-0176-IND
958,3,77,45,54,54,2011-0190-IND
959,3,77,45,54,54,2011-0191-IND
960,4,77,60,70,70,2011-0156-CHN
961,4,77,60,70,70,2011-0193-CHN
962,4,77,60,70,70,2011-0150-CHN
963,7,77,106,118,118,2011-0187-BRA
964,2,78,29,38,38,2011-0228-MEX
965,2,78,29,38,38,2011-0241-MEX
966,3,78,45,54,54,2011-0647-IND
967,4,78,60,70,70,2011-0227-CHN
968,4,78,60,70,70,2011-0203-CHN
969,4,78,60,70,70,2011-0387-CHN
970,4,78,60,70,70,2011-0576-CHN
971,2,79,29,38,38,2011-0241-MEX
972,2,79,29,38,38,2011-0267-MEX
973,2,79,29,38,38,2011-0589-MEX
974,3,79,45,54,54,2011-0252-IND
975,3,79,45,54,54,2011-0251-IND
976,3,79,45,54,54,2011-0428-IND
977,3,79,45,54,54,2011-0647-IND
978,4,79,60,70,70,2011-0212-CHN
979,4,79,60,70,70,2011-0268-CHN
980,4,79,60,70,70,2011-0242-CHN
981,4,79,60,70,70,2011-0265-CHN
982,4,79,60,70,70,2011-0249-CHN
983,6,79,90,102,102,2011-0262-BGD
984,6,79,90,102,102,2011-0257-BGD
985,6,79,90,102,102,2011-0586-BGD
986,7,79,106,118,118,2011-0213-BRA
987,7,79,106,118,118,2011-0258-BRA
988,7,79,106,118,118,2011-0427-BRA
989,0,80,6,6,6,2011-0328-CAN
990,0,80,6,6,6,2011-0323-CAN
991,0,80,6,6,6,2011-0321-CAN
992,2,80,29,38,38,2011-0633-MEX
993,3,80,45,54,54,2011-0327-IND
994,3,80,45,54,54,2011-0422-IND
995,3,80,45,54,54,2011-0424-IND
996,3,80,45,54,54,2011-0428-IND
997,4,80,60,70,70,2011-0261-CHN
998,4,80,60,70,70,2011-0279-CHN
999,4,80,60,70,70,2011-0601-CHN
1000,4,80,60,70,70,2011-0421-CHN
1001,4,80,60,70,70,2011-0342-CHN
1002,4,80,60,70,70,2011-0332-CHN
1003,4,80,60,70,70,2011-0336-CHN
1004,2,81,29,38,38,2011-0460-MEX
1005,2,81,29,38,38,2011-0633-MEX
1006,3,81,45,54,54,2011-0351-IND
1007,3,81,45,54,54,2011-0327-IND
1008,3,81,45,54,54,2011-0371-IND
1009,3,81,45,54,54,2011-0422-IND
1010,3,81,45,54,54,2011-0424-IND
1011,3,81,45,54,54,2011-0473-IND
1012,3,81,45,54,54,2011-0659-IND
1013,4,81,60,70,70,2011-0370-CHN
1014,4,81,60,70,70,2011-0379-CHN
1015,4,81,60,70,70,2011-0351-CHN
1016,4,81,60,70,70,2011-0421-CHN
1017,4,81,60,70,70,2011-0461-CHN
1018,4,81,60,70,70,2011-0405-CHN
1019,4,81,60,70,70,2011-0597-CHN
1020,2,82,29,38,38,2011-0385-MEX
1021,2,82,29,38,38,2011-0392-MEX
1022,3,82,45,54,54,2011-0371-IND
1023,3,82,45,54,54,2011-0424-IND
1024,3,82,45,54,54,2011-0401-IND
1025,4,82,60,70,70,2011-0379-CHN
1026,4,82,60,70,70,2011-0434-CHN
1027,4,82,60,70,70,2011-0442-CHN
1028,4,82,60,70,70,2011-0478-CHN
1029,4,82,60,70,70,2011-0391-CHN
1030,4,82,60,70,70,2011-0410-CHN
1031,4,82,60,70,70,2011-0429-CHN
1032,4,82,60,70,70,2011-0446-CHN
1033,4,82,60,70,70,2011-0594-CHN
1034,2,83,29,38,38,2011-0385-MEX
1035,3,83,45,54,54,2011-0474-IND
1036,3,83,45,54,54,2011-0466-IND
1037,4,83,60,70,70,2011-0411-CHN
1038,4,83,60,70,70,2011-0449-CHN
1039,4,83,60,70,70,2011-0472-CHN
1040,4,83,60,70,70,2011-0450-CHN
1041,4,83,60,70,70,2011-0464-CHN
1042,4,83,60,70,70,2011-0477-CHN
1043,4,83,60,70,70,2011-0496-CHN
1044,3,85,46,55,55,2012-0015-IND
1045,7,85,107,119,119,2012-0017-BRA
1046,0,86,7,7,7,2012-0036-CAN
1047,3,86,46,55,55,2012-0049-IND
1048,4,86,61,71,71,2012-0559-CHN
1049,4,86,61,71,71,2012-0038-CHN
1050,4,86,61,71,71,2012-0054-CHN
1051,4,86,61,71,71,2012-0044-CHN
1052,7,86,107,119,119,2012-0075-BRA
1053,0,87,7,7,7,2012-0068-CAN
1054,2,87,30,39,39,2012-0124-MEX
1055,4,87,61,71,71,2012-0604-CHN
1056,6,87,91,103,103,2012-0063-BGD
1057,7,87,107,119,119,2012-0075-BRA
1058,7,87,107,119,119,2012-0244-BRA
1059,2,88,30,39,39,2012-0099-MEX
1060,3,88,46,55,55,2012-0246-IND
1061,4,88,61,71,71,2012-0197-CHN
1062,4,88,61,71,71,2012-0570-CHN
1063,4,88,61,71,71,2012-0571-CHN
1064,4,88,61,71,71,2012-0106-CHN
1065,4,88,61,71,71,2012-0107-CHN
1066,6,88,91,103,103,2012-0082-BGD
1067,3,89,46,55,55,2012-0153-IND
1068,4,89,61,71,71,2012-0197-CHN
1069,4,89,61,71,71,2012-0136-CHN
1070,4,89,61,71,71,2012-0576-CHN
1071,4,89,61,71,71,2012-0140-CHN
1072,4,89,61,71,71,2012-0141-CHN
1073,7,89,107,119,119,2012-0185-BRA
1074,2,90,30,39,39,2012-0401-MEX
1075,2,90,30,39,39,2012-0229-MEX
1076,3,90,46,55,55,2012-0179-IND
1077,4,90,61,71,71,2012-0173-CHN
1078,4,90,61,71,71,2012-0190-CHN
1079,4,90,61,71,71,2012-0338-CHN
1080,6,90,91,103,103,2012-0175-BGD
1081,7,90,107,119,119,2012-0169-BRA
1082,3,91,46,55,55,2012-0179-IND
1083,3,91,46,55,55,2012-0263-IND
1084,3,91,46,55,55,2012-0293-IND
1085,3,91,46,55,55,2012-0196-IND
1086,4,91,61,71,71,2012-0173-CHN
1087,4,91,61,71,71,2012-0199-CHN
1088,4,91,61,71,71,2012-0259-CHN
1089,4,91,61,71,71,2012-0397-CHN
1090,4,91,61,71,71,2012-0292-CHN
1091,4,91,61,71,71,2012-0477-CHN
1092,4,91,61,71,71,2012-0581-CHN
1093,6,91,91,103,103,2012-0175-BGD
1094,7,91,107,119,119,2012-0211-BRA
1095,0,92,7,7,7,2012-0626-CAN
1096,2,92,30,39,39,2012-0276-MEX
1097,3,92,46,55,55,2012-0334-IND
1098,3,92,46,55,55,2012-0584-IND
1099,3,92,46,55,55,2012-0322-IND
1100,3,92,46,55,55,2012-0262-IND
1101,3,92,46,55,55,2012-0277-IND
1102,3,92,46,55,55,2012-0285-IND
1103,4,92,61,71,71,2012-0260-CHN
1104,4,92,61,71,71,2012-0283-CHN
1105,4,92,61,71,71,2012-0581-CHN
1106,4,92,61,71,71,2012-0603-CHN
1107,4,92,61,71,71,2012-0610-CHN
1108,4,92,61,71,71,2012-0282-CHN
1109,4,92,61,71,71,2012-0294-CHN
1110,4,92,61,71,71,2012-0314-CHN
1111,4,92,61,71,71,2012-0371-CHN
1112,2,93,30,39,39,2012-0381-MEX
1113,3,93,46,55,55,2012-0354-IND
1114,3,93,46,55,55,2012-0382-IND
1115,3,93,46,55,55,2012-0326-IND
1116,4,93,61,71,71,2012-0350-CHN
1117,4,93,61,71,71,2012-0505-CHN
1118,4,93,61,71,71,2012-0370-CHN
1119,4,93,61,71,71,2012-0433-CHN
1120,4,93,61,71,71,2012-0442-CHN
1121,6,93,91,103,103,2012-0382-BGD
1122,4,94,61,71,71,2012-0455-CHN
1123,4,94,61,71,71,2012-0406-CHN
1124,6,94,91,103,103,2012-0385-BGD
1125,6,94,91,103,103,2012-0409-BGD
1126,3,95,46,55,55,2012-0425-IND
1127,4,95,61,71,71,2012-0514-CHN
1128,4,95,61,71,71,2012-0518-CHN
1129,6,95,91,103,103,2012-0623-BGD
1130,6,95,91,103,103,2012-0515-BGD
1131,6,95,91,103,103,2012-0516-BGD
1132,3,96,47,56,56,2012-0538-IND
1133,2,97,31,40,40,2013-0052-MEX
1134,3,97,47,56,56,2012-0538-IND
1135,4,97,62,72,72,2013-0018-CHN
1136,7,97,108,120,120,2013-0003-BRA
1137,7,97,108,120,120,2013-0050-BRA
1138,3,98,47,56,56,2013-0135-IND
1139,3,98,47,56,56,2013-0094-IND
1140,4,98,62,72,72,2013-0065-CHN
1141,4,98,62,72,72,2013-0153-CHN
1142,6,98,92,104,104,2013-0071-BGD
1143,0,99,8,8,8,2013-0171-CAN
1144,2,99,31,40,40,2013-0103-MEX
1145,3,99,47,56,56,2013-0090-IND
1146,3,99,47,56,56,2013-0096-IND
1147,3,99,47,56,56,2013-0115-IND
1148,4,99,62,72,72,2013-0084-CHN
1149,4,99,62,72,72,2013-0089-CHN
1150,4,99,62,72,72,2013-0081-CHN
1151,4,99,62,72,72,2013-0167-CHN
1152,4,99,62,72,72,2013-0168-CHN
1153,4,99,62,72,72,2013-0593-CHN
1154,6,99,92,104,104,2013-0090-BGD
1155,6,99,92,104,104,2013-0085-BGD
1156,7,99,108,120,120,2013-0077-BRA
1157,3,100,47,56,56,2013-0208-IND
1158,4,100,62,72,72,2013-0116-CHN
1159,4,100,62,72,72,2013-0567-CHN
1160,4,100,62,72,72,2013-0563-CHN
1161,4,100,62,72,72,2013-0565-CHN
1162,7,100,108,120,120,2013-0180-BRA
1163,2,101,31,40,40,2013-0188-MEX
1164,2,101,31,40,40,2013-0129-MEX
1165,3,101,47,56,56,2013-0140-IND
1166,3,101,47,56,56,2013-0138-IND
1167,3,101,47,56,56,2013-0208-IND
1168,3,101,47,56,56,2013-0172-IND
1169,3,101,47,56,56,2013-0173-IND
1170,4,101,62,72,72,2013-0200-CHN
1171,4,101,62,72,72,2013-0202-CHN
1172,4,101,62,72,72,2013-0199-CHN
1173,4,101,62,72,72,2013-0201-CHN
1174,4,101,62,72,72,2013-0130-CHN
1175,4,101,62,72,72,2013-0567-CHN
1176,6,101,92,104,104,2013-0138-BGD
1177,0,102,8,8,8,2013-0190-CAN
1178,3,102,47,56,56,2013-0192-IND
1179,3,102,47,56,56,2013-0231-IND
1180,3,102,47,56,56,2013-0226-IND
1181,3,102,47,56,56,2013-0282-IND
1182,4,102,62,72,72,2013-0222-CHN
1183,4,102,62,72,72,2013-0221-CHN
1184,4,102,62,72,72,2013-0257-CHN
1185,4,102,62,72,72,2013-0219-CHN
1186,4,102,62,72,72,2013-0252-CHN
1187,4,102,62,72,72,2013-0251-CHN
1188,0,103,8,8,8,2013-0240-CAN
1189,0,103,8,8,8,2013-0580-CAN
1190,3,103,47,56,56,2013-0260-IND
1191,3,103,47,56,56,2013-0454-IND
1192,3,103,47,56,56,2013-0282-IND
1193,4,103,62,72,72,2013-0242-CHN
1194,4,103,62,72,72,2013-0257-CHN
1195,4,103,62,72,72,2013-0259-CHN
1196,4,103,62,72,72,2013-0262-CHN
1197,4,103,62,72,72,2013-0264-CHN
1198,4,103,62,72,72,2013-0245-CHN
1199,4,103,62,72,72,2013-0249-CHN
1200,4,103,62,72,72,2013-0258-CHN
1201,4,103,62,72,72,2013-0261-CHN
1202,4,103,62,72,72,2013-0582-CHN
1203,2,104,31,40,40,2013-0335-MEX
1204,2,104,31,40,40,2013-0382-MEX
1205,3,104,47,56,56,2013-0345-IND
1206,3,104,47,56,56,2013-0320-IND
1207,4,104,62,72,72,2013-0314-CHN
1208,4,104,62,72,72,2013-0317-CHN
1209,4,104,62,72,72,2013-0272-CHN
1210,4,104,62,72,72,2013-0306-CHN
1211,4,104,62,72,72,2013-0341-CHN
1212,4,104,62,72,72,2013-0264-CHN
1213,4,104,62,72,72,2013-0273-CHN
1214,4,104,62,72,72,2013-0313-CHN
1215,4,104,62,72,72,2013-0582-CHN
1216,2,105,31,40,40,2013-0358-MEX
1217,2,105,31,40,40,2013-0406-MEX
1218,2,105,31,40,40,2013-0348-MEX
1219,3,105,47,56,56,2013-0584-IND
1220,4,105,62,72,72,2013-0317-CHN
1221,4,105,62,72,72,2013-0416-CHN
1222,4,105,62,72,72,2013-0373-CHN
1223,4,105,62,72,72,2013-0419-CHN
1224,7,105,108,120,120,2013-0408-BRA
1225,2,106,31,40,40,2013-0394-MEX
1226,2,106,31,40,40,2013-0479-MEX
1227,3,106,47,56,56,2013-0401-IND
1228,3,106,47,56,56,2013-0482-IND
1229,3,106,47,56,56,2013-0400-IND
1230,3,106,47,56,56,2013-0498-IND
1231,3,106,47,56,56,2013-0461-IND
1232,4,106,62,72,72,2013-0429-CHN
1233,3,107,47,56,56,2013-0515-IND
1234,3,107,47,56,56,2013-0474-IND
1235,4,107,62,72,72,2013-0470-CHN
1236,4,107,62,72,72,2013-0433-CHN
1237,4,107,62,72,72,2013-0450-CHN
1238,4,107,62,72,72,2013-0460-CHN
1239,7,108,109,121,121,2013-0552-BRA
1240,0,109,9,9,9,2014-0009-CAN
1241,0,109,9,9,9,2014-0031-CAN
1242,3,109,48,57,57,2014-0047-IND
1243,3,109,48,57,57,2014-0015-IND
1244,3,109,48,57,57,2014-0033-IND
1245,3,109,48,57,57,2014-0207-IND
1246,3,109,48,57,57,2014-0024-IND
1247,4,109,63,73,73,2014-0006-CHN
1248,4,109,63,73,73,2014-0014-CHN
1249,4,109,63,73,73,2014-0565-CHN
1250,7,109,109,121,121,2013-0552-BRA
1251,7,109,109,121,121,2014-0002-BRA
1252,4,110,63,73,73,2014-0085-CHN
1253,4,110,63,73,73,2014-0086-CHN
1254,6,110,93,105,105,2014-0041-BGD
1255,7,110,109,121,121,2014-0103-BRA
1256,3,111,48,57,57,2014-0106-IND
1257,3,111,48,57,57,2014-0551-IND
1258,4,111,63,73,73,2014-0110-CHN
1259,4,111,63,73,73,2014-0107-CHN
1260,7,111,109,121,121,2014-0103-BRA
1261,2,112,32,41,41,2014-0127-MEX
1262,3,112,48,57,57,2014-0538-IND
1263,4,112,63,73,73,2014-0110-CHN
1264,4,112,63,73,73,2014-0133-CHN
1265,4,112,63,73,73,2014-0552-CHN
1266,4,112,63,73,73,2014-0132-CHN
1267,4,112,63,73,73,2014-0129-CHN
1268,4,112,63,73,73,2014-0564-CHN
1269,6,112,93,105,105,2014-0135-BGD
1270,2,113,32,41,41,2014-0183-MEX
1271,3,113,48,57,57,2014-0182-IND
1272,3,113,48,57,57,2014-0155-IND
1273,3,113,48,57,57,2014-0198-IND
1274,4,113,63,73,73,2014-0173-CHN
1275,4,113,63,73,73,2014-0177-CHN
1276,4,113,63,73,73,2014-0180-CHN
1277,4,113,63,73,73,2014-0549-CHN
1278,6,113,93,105,105,2014-0154-BGD
1279,7,113,109,121,121,2014-0189-BRA
1280,2,114,32,41,41,2014-0183-MEX
1281,3,114,48,57,57,2014-0218-IND
1282,3,114,48,57,57,2014-0184-IND
1283,3,114,48,57,57,2014-0195-IND
1284,3,114,48,57,57,2014-0201-IND
1285,3,114,48,57,57,2014-0206-IND
1286,4,114,63,73,73,2014-0214-CHN
1287,4,114,63,73,73,2014-0213-CHN
1288,4,114,63,73,73,2014-0180-CHN
1289,4,114,63,73,73,2014-0212-CHN
1290,4,114,63,73,73,2014-0215-CHN
1291,4,114,63,73,73,2014-0550-CHN
1292,4,114,63,73,73,2014-0178-CHN
1293,4,114,63,73,73,2014-0217-CHN
1294,6,114,93,105,105,2014-0244-BGD
1295,7,114,109,121,121,2014-0188-BRA
1296,2,115,32,41,41,2014-0234-MEX
1297,3,115,48,57,57,2014-0268-IND
1298,3,115,48,57,57,2014-0270-IND
1299,4,115,63,73,73,2014-0227-CHN
1300,4,115,63,73,73,2014-0269-CHN
1301,4,115,63,73,73,2014-0267-CHN
1302,4,115,63,73,73,2014-0266-CHN
1303,4,115,63,73,73,2014-0406-CHN
1304,4,115,63,73,73,2014-0240-CHN
1305,4,115,63,73,73,2014-0228-CHN
1306,7,115,109,121,121,2014-0245-BRA
1307,0,116,9,9,9,2014-0319-CAN
1308,2,116,32,41,41,2014-0325-MEX
1309,3,116,48,57,57,2014-0408-IND
1310,3,116,48,57,57,2014-0313-IND
1311,3,116,48,57,57,2014-0409-IND
1312,3,116,48,57,57,2014-0259-IND
1313,3,116,48,57,57,2014-0285-IND
1314,4,116,63,73,73,2014-0281-CHN
1315,4,116,63,73,73,2014-0321-CHN
1316,4,116,63,73,73,2014-0323-CHN
1317,4,116,63,73,73,2014-0555-CHN
1318,4,116,63,73,73,2014-0337-CHN
1319,4,116,63,73,73,2014-0308-CHN
1320,4,116,63,73,73,2014-0294-CHN
1321,6,116,93,105,105,2014-0290-BGD
1322,6,116,93,105,105,2014-0305-BGD
1323,2,117,32,41,41,2014-0333-MEX
1324,2,117,32,41,41,2014-0385-MEX
1325,2,117,32,41,41,2014-0325-MEX
1326,2,117,32,41,41,2014-0386-MEX
1327,3,117,48,57,57,2014-0408-IND
1328,3,117,48,57,57,2014-0391-IND
1329,3,117,48,57,57,2014-0357-IND
1330,3,117,48,57,57,2014-0531-IND
1331,4,117,63,73,73,2014-0292-CHN
1332,4,117,63,73,73,2014-0389-CHN
1333,4,117,63,73,73,2014-0390-CHN
1334,4,117,63,73,73,2014-0344-CHN
1335,4,117,63,73,73,2014-0330-CHN
1336,4,117,63,73,73,2014-0572-CHN
1337,6,117,93,105,105,2014-0290-BGD
1338,7,117,109,121,121,2014-0328-BRA
1339,7,117,109,121,121,2014-0557-BRA
1340,2,118,32,41,41,2014-0417-MEX
1341,3,118,48,57,57,2014-0391-IND
1342,3,118,48,57,57,2014-0392-IND
1343,3,118,48,57,57,2014-0338-IND
1344,3,118,48,57,57,2014-0373-IND
1345,4,118,63,73,73,2014-0449-CHN
1346,7,118,109,121,121,2014-0427-BRA
1347,7,118,109,121,121,2014-0363-BRA
1348,4,119,63,73,73,2014-0464-CHN
1349,4,119,63,73,73,2014-0477-CHN
1350,2,121,33,42,42,2015-0018-MEX
1351,4,121,64,74,74,2015-0013-CHN
1352,6,121,94,106,106,2015-0068-BGD
1353,6,121,94,106,106,2015-0583-BGD
1354,7,121,110,122,122,2015-0007-BRA
1355,2,122,33,42,42,2015-0041-MEX
1356,4,122,64,74,74,2015-0078-CHN
1357,4,122,64,74,74,2015-0067-CHN
1358,6,122,94,106,106,2015-0051-BGD
1359,2,123,33,42,42,2015-0121-MEX
1360,2,123,33,42,42,2015-0382-MEX
1361,2,123,33,42,42,2015-0115-MEX
1362,3,123,49,58,58,2015-0126-IND
1363,3,123,49,58,58,2015-0107-IND
1364,3,123,49,58,58,2015-0099-IND
1365,4,123,64,74,74,2015-0131-CHN
1366,4,123,64,74,74,2015-0132-CHN
1367,4,123,64,74,74,2015-0125-CHN
1368,6,123,94,106,106,2015-0347-BGD
1369,7,123,110,122,122,2015-0095-BRA
1370,3,124,49,58,58,2015-0164-IND
1371,3,124,49,58,58,2015-0118-IND
1372,3,124,49,58,58,2015-0144-IND
1373,4,124,64,74,74,2015-0163-CHN
1374,4,124,64,74,74,2015-0162-CHN
1375,4,124,64,74,74,2015-0105-CHN
1376,4,124,64,74,74,2015-0160-CHN
1377,4,124,64,74,74,2015-0144-CHN
1378,4,124,64,74,74,2015-0592-CHN
1379,6,124,94,106,106,2015-0118-BGD
1380,6,124,94,106,106,2015-0144-BGD
1381,7,124,110,122,122,2015-0156-BRA
1382,7,124,110,122,122,2015-0157-BRA
1383,7,124,110,122,122,2015-0208-BRA
1384,2,125,33,42,42,2015-0187-MEX
1385,3,125,49,58,58,2015-0600-IND
1386,3,125,49,58,58,2015-0175-IND
1387,3,125,49,58,58,2015-0207-IND
1388,3,125,49,58,58,2015-0189-IND
1389,3,125,49,58,58,2015-0178-IND
1390,3,125,49,58,58,2015-0594-IND
1391,4,125,64,74,74,2015-0214-CHN
1392,4,125,64,74,74,2015-0185-CHN
1393,4,125,64,74,74,2015-0175-CHN
1394,4,125,64,74,74,2015-0172-CHN
1395,4,125,64,74,74,2015-0188-CHN
1396,4,125,64,74,74,2015-0219-CHN
1397,4,125,64,74,74,2015-0220-CHN
1398,6,125,94,106,106,2015-0213-BGD
1399,6,125,94,106,106,2015-0601-BGD
1400,7,125,110,122,122,2015-0208-BRA
1401,3,126,49,58,58,2015-0253-IND
1402,3,126,49,58,58,2015-0249-IND
1403,3,126,49,58,58,2015-0226-IND
1404,3,126,49,58,58,2015-0596-IND
1405,4,126,64,74,74,2015-0248-CHN
1406,4,126,64,74,74,2015-0251-CHN
1407,4,126,64,74,74,2015-0185-CHN
1408,4,126,64,74,74,2015-0252-CHN
1409,4,126,64,74,74,2015-0602-CHN
1410,4,126,64,74,74,2015-0247-CHN
1411,4,126,64,74,74,2015-0255-CHN
1412,4,126,64,74,74,2015-0196-CHN
1413,4,126,64,74,74,2015-0240-CHN
1414,4,126,64,74,74,2015-0220-CHN
1415,6,126,94,106,106,2015-0253-BGD
1416,0,127,10,10,10,2015-0275-CAN
1417,2,127,33,42,42,2015-0305-MEX
1418,3,127,49,58,58,2015-0317-IND
1419,3,127,49,58,58,2015-0333-IND
1420,3,127,49,58,58,2015-0413-IND
1421,3,127,49,58,58,2015-0268-IND
1422,3,127,49,58,58,2015-0597-IND
1423,4,127,64,74,74,2015-0334-CHN
1424,4,127,64,74,74,2015-0271-CHN
1425,4,127,64,74,74,2015-0255-CHN
1426,4,127,64,74,74,2015-0244-CHN
1427,4,127,64,74,74,2015-0278-CHN
1428,4,127,64,74,74,2015-0272-CHN
1429,4,127,64,74,74,2015-0303-CHN
1430,6,127,94,106,106,2015-0293-BGD
1431,6,127,94,106,106,2015-0309-BGD
1432,6,127,94,106,106,2015-0411-BGD
1433,6,127,94,106,106,2015-0243-BGD
1434,7,127,110,122,122,2015-0285-BRA
1435,3,128,49,58,58,2015-0317-IND
1436,3,128,49,58,58,2015-0320-IND
1437,3,128,49,58,58,2015-0340-IND
1438,3,128,49,58,58,2015-0374-IND
1439,3,128,49,58,58,2015-0406-IND
1440,4,128,64,74,74,2015-0397-CHN
1441,4,128,64,74,74,2015-0339-CHN
1442,4,128,64,74,74,2015-0351-CHN
1443,4,128,64,74,74,2015-0357-CHN
1444,4,128,64,74,74,2015-0350-CHN
1445,4,128,64,74,74,2015-0395-CHN
1446,3,129,49,58,58,2015-0450-IND
1447,3,129,49,58,58,2015-0419-IND
1448,4,129,64,74,74,2015-0457-CHN
1449,4,129,64,74,74,2015-0458-CHN
1450,4,129,64,74,74,2015-0416-CHN
1451,4,129,64,74,74,2015-0439-CHN
1452,4,129,64,74,74,2015-0585-CHN
1453,7,129,110,122,122,2015-0423-BRA
1454,2,130,33,42,42,2015-0470-MEX
1455,3,130,49,58,58,2015-0604-IND
1456,3,130,49,58,58,2015-0476-IND
1457,4,130,64,74,74,2015-0491-CHN
1458,4,130,64,74,74,2015-0490-CHN
1459,4,130,64,74,74,2015-0593-CHN
1460,4,130,64,74,74,2015-0452-CHN
1461,7,130,110,122,122,2015-0489-BRA
1462,2,131,33,42,42,2015-0517-MEX
1463,3,131,49,58,58,2015-0504-IND
1464,4,131,64,74,74,2015-0534-CHN
1465,4,131,64,74,74,2015-0533-CHN
1466,4,131,64,74,74,2015-0510-CHN
1467,4,131,64,74,74,2015-0515-CHN
1468,7,131,110,122,122,2015-0486-BRA
1469,2,133,34,43,43,2016-0015-MEX
1470,3,133,50,59,59,2016-0002-IND
1471,4,133,65,75,75,2016-0038-CHN
1472,4,133,65,75,75,2016-0023-CHN
1473,6,133,95,107,107,2016-0002-BGD
1474,7,133,111,123,123,2016-0033-BRA
1475,2,134,34,43,43,2016-0067-MEX
1476,2,134,34,43,43,2016-0532-MEX
1477,3,134,50,59,59,2016-0049-IND
1478,3,134,50,59,59,2016-0187-IND
1479,3,134,50,59,59,2016-0158-IND
1480,3,134,50,59,59,2016-0048-IND
1481,3,135,50,59,59,2016-0187-IND
1482,3,135,50,59,59,2016-0102-IND
1483,4,135,65,75,75,2016-0095-CHN
1484,4,135,65,75,75,2016-0108-CHN
1485,7,135,111,123,123,2016-0077-BRA
1486,2,136,34,43,43,2016-0144-MEX
1487,3,136,50,59,59,2016-0139-IND
1488,3,136,50,59,59,2016-0133-IND
1489,3,136,50,59,59,2016-0187-IND
1490,3,136,50,59,59,2016-0116-IND
1491,3,136,50,59,59,2016-0099-IND
1492,4,136,65,75,75,2016-0137-CHN
1493,4,136,65,75,75,2016-0140-CHN
1494,4,136,65,75,75,2016-0103-CHN
1495,0,137,11,11,11,2016-0172-CAN
1496,3,137,50,59,59,2016-0195-IND
1497,3,137,50,59,59,2016-0133-IND
1498,3,137,50,59,59,2016-0187-IND
1499,3,137,50,59,59,2016-0155-IND
1500,3,137,50,59,59,2016-0159-IND
1501,3,137,50,59,59,2016-0173-IND
1502,3,137,50,59,59,2016-0174-IND
1503,3,137,50,59,59,2016-0177-IND
1504,4,137,65,75,75,2016-0162-CHN
1505,4,137,65,75,75,2016-0194-CHN
1506,4,137,65,75,75,2016-0198-CHN
1507,4,137,65,75,75,2016-0536-CHN
1508,6,137,95,107,107,2016-0175-BGD
1509,6,137,95,107,107,2016-0154-BGD
1510,0,138,11,11,11,2016-0172-CAN
1511,0,138,11,11,11,2016-0243-CAN
1512,3,138,50,59,59,2016-0234-IND
1513,3,138,50,59,59,2016-0237-IND
1514,3,138,50,59,59,2016-0239-IND
1515,4,138,65,75,75,2016-0230-CHN
1516,4,138,65,75,75,2016-0209-CHN
1517,4,138,65,75,75,2016-0235-CHN
1518,4,138,65,75,75,2016-0207-CHN
1519,4,138,65,75,75,2016-0205-CHN
1520,4,138,65,75,75,2016-0233-CHN
1521,4,138,65,75,75,2016-0241-CHN
1522,4,138,65,75,75,2016-0236-CHN
1523,4,138,65,75,75,2016-0238-CHN
1524,7,138,111,123,123,2016-0214-BRA
1525,0,139,11,11,11,2016-0172-CAN
1526,3,139,50,59,59,2016-0239-IND
1527,3,139,50,59,59,2016-0267-IND
1528,3,139,50,59,59,2016-0262-IND
1529,3,139,50,59,59,2016-0271-IND
1530,3,139,50,59,59,2016-0276-IND
1531,3,139,50,59,59,2016-0554-IND
1532,4,139,65,75,75,2016-0241-CHN
1533,4,139,65,75,75,2016-0256-CHN
1534,4,139,65,75,75,2016-0250-CHN
1535,4,139,65,75,75,2016-0255-CHN
1536,4,139,65,75,75,2016-0257-CHN
1537,6,139,95,107,107,2016-0288-BGD
1538,2,140,34,43,43,2016-0284-MEX
1539,3,140,50,59,59,2016-0278-IND
1540,3,140,50,59,59,2016-0271-IND
1541,3,140,50,59,59,2016-0276-IND
1542,3,140,50,59,59,2016-0304-IND
1543,4,140,65,75,75,2016-0373-CHN
1544,4,140,65,75,75,2016-0379-CHN
1545,4,140,65,75,75,2016-0290-CHN
1546,4,140,65,75,75,2016-0371-CHN
1547,4,140,65,75,75,2016-0376-CHN
1548,6,140,95,107,107,2016-0288-BGD
1549,6,140,95,107,107,2016-0293-BGD
1550,2,141,34,43,43,2016-0325-MEX
1551,2,141,34,43,43,2016-0319-MEX
1552,2,141,34,43,43,2016-0333-MEX
1553,2,141,34,43,43,2016-0332-MEX
1554,3,141,50,59,59,2016-0271-IND
1555,3,141,50,59,59,2016-0391-IND
1556,4,141,65,75,75,2016-0340-CHN
1557,4,141,65,75,75,2016-0350-CHN
1558,4,141,65,75,75,2016-0342-CHN
1559,4,141,65,75,75,2016-0351-CHN
1560,4,141,65,75,75,2016-0389-CHN
1561,6,141,95,107,107,2016-0346-BGD
1562,6,141,95,107,107,2016-0328-BGD
1563,2,142,34,43,43,2016-0333-MEX
1564,3,142,50,59,59,2016-0398-IND
1565,3,142,50,59,59,2016-0403-IND
1566,4,142,65,75,75,2016-0363-CHN
1567,4,142,65,75,75,2016-0364-CHN
1568,4,142,65,75,75,2016-0412-CHN
1569,4,142,65,75,75,2016-0396-CHN
1570,4,142,65,75,75,2016-0409-CHN
1571,2,143,34,43,43,2016-0424-MEX
1572,3,143,50,59,59,2016-0434-IND
1573,3,143,50,59,59,2016-0422-IND
1574,4,143,65,75,75,2016-0480-CHN
1575,4,143,65,75,75,2016-0436-CHN
1576,4,143,65,75,75,2016-0470-CHN
1577,4,143,65,75,75,2016-0471-CHN
1578,4,143,65,75,75,2016-0441-CHN
1579,7,144,112,124,124,2016-0518-BRA
1580,3,145,51,60,60,2017-0046-IND
1581,3,145,51,60,60,2017-0017-IND
1582,3,145,51,60,60,2017-0012-IND
1583,3,145,51,60,60,2017-0023-IND
1584,4,145,66,76,76,2017-0044-CHN
1585,7,145,112,124,124,2016-0518-BRA
1586,4,146,66,76,76,2017-0029-CHN
1587,7,146,112,124,124,2016-0518-BRA
1588,3,147,51,60,60,2017-0570-IND
1589,4,147,66,76,76,2017-0110-CHN
1590,4,147,66,76,76,2017-0113-CHN
1591,4,147,66,76,76,2017-0076-CHN
1592,6,147,96,108,108,2017-0138-BGD
1593,7,147,112,124,124,2016-0518-BRA
1594,2,148,35,44,44,2017-0100-MEX
1595,3,148,51,60,60,2017-0144-IND
1596,3,148,51,60,60,2017-0101-IND
1597,3,148,51,60,60,2017-0121-IND
1598,4,148,66,76,76,2017-0143-CHN
1599,4,148,66,76,76,2017-0568-CHN
1600,6,148,96,108,108,2017-0138-BGD
1601,7,148,112,124,124,2016-0518-BRA
1602,0,149,12,12,12,2017-0126-CAN
1603,2,149,35,44,44,2017-0210-MEX
1604,2,149,35,44,44,2017-0127-MEX
1605,3,149,51,60,60,2017-0152-IND
1606,3,149,51,60,60,2017-0569-IND
1607,3,149,51,60,60,2017-0144-IND
1608,3,149,51,60,60,2017-0125-IND
1609,4,149,66,76,76,2017-0169-CHN
1610,4,149,66,76,76,2017-0214-CHN
1611,4,149,66,76,76,2017-0124-CHN
1612,4,149,66,76,76,2017-0128-CHN
1613,6,149,96,108,108,2017-0139-BGD
1614,6,149,96,108,108,2017-0152-BGD
1615,7,149,112,124,124,2017-0202-BRA
1616,2,150,35,44,44,2017-0168-MEX
1617,3,150,51,60,60,2017-0159-IND
1618,3,150,51,60,60,2017-0289-IND
1619,3,150,51,60,60,2017-0144-IND
1620,3,150,51,60,60,2017-0157-IND
1621,3,150,51,60,60,2017-0180-IND
1622,3,150,51,60,60,2017-0257-IND
1623,4,150,66,76,76,2017-0187-CHN
1624,4,150,66,76,76,2017-0169-CHN
1625,4,150,66,76,76,2017-0245-CHN
1626,4,150,66,76,76,2017-0201-CHN
1627,4,150,66,76,76,2017-0254-CHN
1628,6,150,96,108,108,2017-0174-BGD
1629,7,150,112,124,124,2017-0202-BRA
1630,7,150,112,124,124,2017-0175-BRA
1631,7,150,112,124,124,2017-0194-BRA
1632,0,151,12,12,12,2017-0271-CAN
1633,3,151,51,60,60,2017-0265-IND
1634,3,151,51,60,60,2017-0289-IND
1635,3,151,51,60,60,2017-0266-IND
1636,3,151,51,60,60,2017-0274-IND
1637,3,151,51,60,60,2017-0275-IND
1638,3,151,51,60,60,2017-0295-IND
1639,4,151,66,76,76,2017-0286-CHN
1640,4,151,66,76,76,2017-0261-CHN
1641,4,151,66,76,76,2017-0245-CHN
1642,4,151,66,76,76,2017-0264-CHN
1643,4,151,66,76,76,2017-0284-CHN
1644,4,151,66,76,76,2017-0281-CHN
1645,4,151,66,76,76,2017-0287-CHN
1646,6,151,96,108,108,2017-0250-BGD
1647,7,151,112,124,124,2017-0551-BRA
1648,0,152,12,12,12,2017-0271-CAN
1649,0,152,12,12,12,2017-0471-CAN
1650,2,152,35,44,44,2017-0334-MEX
1651,2,152,35,44,44,2017-0376-MEX
1652,3,152,51,60,60,2017-0364-IND
1653,3,152,51,60,60,2017-0483-IND
1654,3,152,51,60,60,2017-0359-IND
1655,3,152,51,60,60,2017-0369-IND
1656,3,152,51,60,60,2017-0342-IND
1657,3,152,51,60,60,2017-0345-IND
1658,3,152,51,60,60,2017-0517-IND
1659,4,152,66,76,76,2017-0331-CHN
1660,4,152,66,76,76,2017-0352-CHN
1661,4,152,66,76,76,2017-0332-CHN
1662,4,152,66,76,76,2017-0363-CHN
1663,4,152,66,76,76,2017-0326-CHN
1664,4,152,66,76,76,2017-0485-CHN
1665,4,152,66,76,76,2017-0335-CHN
1666,4,152,66,76,76,2017-0372-CHN
1667,4,152,66,76,76,2017-0476-CHN
1668,6,152,96,108,108,2017-0342-BGD
1669,7,152,112,124,124,2017-0551-BRA
1670,7,152,112,124,124,2017-0353-BRA
1671,7,152,112,124,124,2017-0354-BRA
1672,7,152,112,124,124,2017-0575-BRA
1673,0,153,12,12,12,2017-0271-CAN
1674,2,153,35,44,44,2017-0382-MEX
1675,2,153,35,44,44,2017-0392-MEX
1676,2,153,35,44,44,2017-0387-MEX
1677,2,153,35,44,44,2017-0376-MEX
1678,2,153,35,44,44,2017-0498-MEX
1679,3,153,51,60,60,2017-0404-IND
1680,3,153,51,60,60,2017-0397-IND
1681,4,153,66,76,76,2017-0398-CHN
1682,6,153,96,108,108,2017-0396-BGD
1683,7,153,112,124,124,2017-0551-BRA
1684,2,154,35,44,44,2017-0498-MEX
1685,3,154,51,60,60,2017-0495-IND
1686,3,154,51,60,60,2017-0460-IND
1687,4,154,66,76,76,2017-0463-CHN
1688,4,154,66,76,76,2017-0398-CHN
1689,6,154,96,108,108,2017-0412-BGD
1690,6,154,96,108,108,2017-0438-BGD
1691,7,154,112,124,124,2017-0551-BRA
1692,3,155,51,60,60,2017-0495-IND
1693,3,155,51,60,60,2017-0459-IND
1694,3,155,51,60,60,2017-0425-IND
1695,4,155,66,76,76,2017-0513-CHN
1696,4,155,66,76,76,2017-0442-CHN
1697,4,155,66,76,76,2017-0457-CHN
1698,6,155,96,108,108,2017-0556-BGD
1699,7,155,112,124,124,2017-0551-BRA
1700,7,156,113,125,125,2017-0551-BRA
1701,3,157,52,61,61,2018-0049-IND
1702,3,157,52,61,61,2018-0023-IND
1703,4,157,67,77,77,2018-0053-CHN
1704,4,157,67,77,77,2018-0012-CHN
1705,4,157,67,77,77,2018-0050-CHN
1706,6,157,97,109,109,2018-0018-BGD
1707,7,157,113,125,125,2017-0551-BRA
1708,7,157,113,125,125,2018-0009-BRA
1709,2,158,36,45,45,2018-0315-MEX
1710,2,158,36,45,45,2018-0035-MEX
1711,3,158,52,61,61,2018-0049-IND
1712,3,158,52,61,61,2018-0036-IND
1713,7,158,113,125,125,2017-0551-BRA
1714,7,158,113,125,125,2018-0040-BRA
1715,3,159,52,61,61,2018-0119-IND
1716,3,159,52,61,61,2018-0078-IND
1717,4,159,67,77,77,2018-0118-CHN
1718,7,159,113,125,125,2018-0112-BRA
1719,0,160,13,13,13,2018-0110-CAN
1720,3,160,52,61,61,2018-0137-IND
1721,3,160,52,61,61,2018-0138-IND
1722,3,160,52,61,61,2018-0108-IND
1723,3,160,52,61,61,2018-0109-IND
1724,4,160,67,77,77,2018-0126-CHN
1725,6,160,97,109,109,2018-0140-BGD
1726,0,161,13,13,13,2018-0160-CAN
1727,3,161,52,61,61,2018-0149-IND
1728,3,161,52,61,61,2018-0209-IND
1729,3,161,52,61,61,2018-0214-IND
1730,3,161,52,61,61,2018-0150-IND
1731,3,161,52,61,61,2018-0213-IND
1732,3,161,52,61,61,2018-0142-IND
1733,3,161,52,61,61,2018-0216-IND
1734,4,161,67,77,77,2018-0198-CHN
1735,4,161,67,77,77,2018-0215-CHN
1736,4,161,67,77,77,2018-0159-CHN
1737,4,161,67,77,77,2018-0210-CHN
1738,4,161,67,77,77,2018-0211-CHN
1739,6,161,97,109,109,2018-0158-BGD
1740,7,161,113,125,125,2018-0155-BRA
1741,0,162,13,13,13,2018-0195-CAN
1742,3,162,52,61,61,2018-0202-IND
1743,3,162,52,61,61,2018-0199-IND
1744,3,162,52,61,61,2018-0205-IND
1745,4,162,67,77,77,2018-0282-CHN
1746,4,162,67,77,77,2018-0198-CHN
1747,4,162,67,77,77,2018-0171-CHN
1748,6,162,97,109,109,2018-0203-BGD
1749,0,163,13,13,13,2018-0195-CAN
1750,2,163,36,45,45,2018-0228-MEX
1751,2,163,36,45,45,2018-0274-MEX
1752,3,163,52,61,61,2018-0233-IND
1753,3,163,52,61,61,2018-0205-IND
1754,3,163,52,61,61,2018-0267-IND
1755,3,163,52,61,61,2018-0286-IND
1756,4,163,67,77,77,2018-0282-CHN
1757,4,163,67,77,77,2018-0198-CHN
1758,4,163,67,77,77,2018-0285-CHN
1759,4,163,67,77,77,2018-0201-CHN
1760,4,163,67,77,77,2018-0287-CHN
1761,4,163,67,77,77,2018-0241-CHN
1762,4,163,67,77,77,2018-0250-CHN
1763,4,163,67,77,77,2018-0252-CHN
1764,3,164,52,61,61,2017-0577-IND
1765,3,164,52,61,61,2018-0295-IND
1766,3,164,52,61,61,2018-0345-IND
1767,4,164,67,77,77,2018-0305-CHN
1768,4,164,67,77,77,2018-0347-CHN
1769,4,164,67,77,77,2018-0348-CHN
1770,4,164,67,77,77,2018-0323-CHN
1771,4,164,67,77,77,2018-0309-CHN
1772,4,164,67,77,77,2018-0312-CHN
1773,4,164,67,77,77,2018-0369-CHN
1774,7,164,113,125,125,2017-0574-BRA
1775,0,165,13,13,13,2018-0366-CAN
1776,2,165,36,45,45,2018-0367-MEX
1777,3,165,52,61,61,2018-0372-IND
1778,3,165,52,61,61,2018-0338-IND
1779,3,165,52,61,61,2018-0370-IND
1780,4,165,67,77,77,2018-0341-CHN
1781,4,165,67,77,77,2018-0369-CHN
1782,2,166,36,45,45,2018-0421-MEX
1783,2,166,36,45,45,2018-0406-MEX
1784,3,166,52,61,61,2018-0385-IND
1785,3,166,52,61,61,2018-0391-IND
1786,3,166,52,61,61,2018-0370-IND
1787,4,166,67,77,77,2018-0408-CHN
1788,4,166,67,77,77,2018-0400-CHN
1789,3,167,52,61,61,2018-0431-IND
1790,3,167,52,61,61,2018-0429-IND
1791,4,167,67,77,77,2018-0432-CHN
1792,7,167,113,125,125,2018-0415-BRA
1793,2,169,37,46,46,2019-0019-MEX
1794,3,169,53,62,62,2019-0012-IND
1795,3,169,53,62,62,2019-0218-IND
1796,4,169,68,78,78,2019-0011-CHN
1797,4,169,68,78,78,2019-0003-CHN
1798,7,169,114,126,126,2019-0026-BRA
1799,7,169,114,126,126,2019-0008-BRA
1800,3,170,53,62,62,2019-0060-IND
1801,3,170,53,62,62,2019-0068-IND
1802,3,170,53,62,62,2019-0218-IND
1803,4,170,68,78,78,2019-0096-CHN
1804,4,170,68,78,78,2019-0059-CHN
1805,6,170,98,110,110,2019-0063-BGD
1806,6,170,98,110,110,2019-0064-BGD
1807,7,170,114,126,126,2019-0051-BRA
1808,2,171,37,46,46,2019-0103-MEX
1809,3,171,53,62,62,2019-0218-IND
1810,4,171,68,78,78,2019-0119-CHN
1811,4,171,68,78,78,2019-0126-CHN
1812,6,171,98,110,110,2019-0144-BGD
1813,6,171,98,110,110,2019-0127-BGD
1814,7,171,114,126,126,2019-0100-BRA
1815,0,172,14,14,14,2019-0171-CAN
1816,3,172,53,62,62,2019-0155-IND
1817,3,172,53,62,62,2019-0218-IND
1818,4,172,68,78,78,2019-0134-CHN
1819,4,172,68,78,78,2019-0156-CHN
1820,4,172,68,78,78,2019-0161-CHN
1821,7,172,114,126,126,2019-0146-BRA
1822,7,172,114,126,126,2019-0157-BRA
1823,0,173,14,14,14,2019-0171-CAN
1824,2,173,37,46,46,2019-0190-MEX
1825,2,173,37,46,46,2019-0240-MEX
1826,3,173,53,62,62,2019-0164-IND
1827,3,173,53,62,62,2019-0218-IND
1828,3,173,53,62,62,2019-0248-IND
1829,4,173,68,78,78,2019-0247-CHN
1830,4,173,68,78,78,2019-0204-CHN
1831,6,173,98,110,110,2019-0164-BGD
1832,2,174,37,46,46,2019-0225-MEX
1833,2,174,37,46,46,2019-0297-MEX
1834,3,174,53,62,62,2019-0321-IND
1835,3,174,53,62,62,2019-0288-IND
1836,3,174,53,62,62,2019-0311-IND
1837,3,174,53,62,62,2019-0218-IND
1838,3,174,53,62,62,2019-0345-IND
1839,4,174,68,78,78,2019-0259-CHN
1840,4,174,68,78,78,2019-0209-CHN
1841,6,174,98,110,110,2019-0277-BGD
1842,7,174,114,126,126,2019-0309-BRA
1843,7,174,114,126,126,2019-0234-BRA
1844,3,175,53,62,62,2019-0331-IND
1845,3,175,53,62,62,2019-0288-IND
1846,3,175,53,62,62,2019-0327-IND
1847,3,175,53,62,62,2019-0344-IND
1848,4,175,68,78,78,2019-0291-CHN
1849,4,175,68,78,78,2019-0469-CHN
1850,4,175,68,78,78,2019-0367-CHN
1851,4,175,68,78,78,2019-0351-CHN
1852,4,175,68,78,78,2019-0209-CHN
1853,4,175,68,78,78,2019-0333-CHN
1854,6,175,98,110,110,2019-0304-BGD
1855,7,175,114,126,126,2019-0368-BRA
1856,3,176,53,62,62,2019-0331-IND
1857,3,176,53,62,62,2019-0383-IND
1858,4,176,68,78,78,2019-0387-CHN
1859,4,176,68,78,78,2019-0381-CHN
1860,4,176,68,78,78,2019-0469-CHN
1861,4,176,68,78,78,2019-0400-CHN
1862,6,176,98,110,110,2019-0403-BGD
1863,2,177,37,46,46,2019-0418-MEX
1864,2,177,37,46,46,2019-0519-MEX
1865,2,177,37,46,46,2019-0450-MEX
1866,3,177,53,62,62,2019-0331-IND
1867,3,177,53,62,62,2019-0438-IND
1868,3,177,53,62,62,2019-0448-IND
1869,4,177,68,78,78,2019-0425-CHN
1870,4,177,68,78,78,2019-0520-CHN
1871,4,177,68,78,78,2019-0424-CHN
1872,4,177,68,78,78,2019-0458-CHN
1873,4,177,68,78,78,2019-0457-CHN
1874,7,177,114,126,126,2019-0440-BRA
1875,0,178,14,14,14,2019-0532-CAN
1876,3,178,53,62,62,2019-0499-IND
1877,4,178,68,78,78,2019-0611-CHN
1878,4,178,68,78,78,2019-0472-CHN
1879,7,178,114,126,126,2019-0507-BRA
1880,0,179,14,14,14,2019-0532-CAN
1881,2,179,37,46,46,2019-0596-MEX
1882,3,179,53,62,62,2019-0550-IND
1883,3,179,53,62,62,2019-0574-IND
1884,4,179,68,78,78,2019-0564-CHN
1885,6,179,98,110,110,2019-0550-BGD
1886,6,179,98,110,110,2019-0569-BGD
1887,7,179,114,126,126,2019-0542-BRA
1888,7,179,114,126,126,2019-0580-BRA
1889,3,181,54,63,63,2020-0057-IND
1890,3,181,54,63,63,2020-0038-IND
1891,7,181,,127,127,2020-0022-BRA
1892,6,182,99,111,111,2020-0054-BGD
1893,7,182,,127,127,2020-0056-BRA
1894,7,182,,127,127,2020-0077-BRA
1895,7,182,,127,127,2020-0079-BRA
1896,4,183,69,79,79,2020-0119-CHN
1897,4,183,69,79,79,2020-0120-CHN
1898,4,183,69,79,79,2020-0100-CHN
1899,7,183,,127,127,2020-0077-BRA
1900,7,183,,127,127,2020-0083-BRA
1901,0,184,,15,15,2020-0191-CAN
1902,3,185,54,63,63,2020-0206-IND
1903,3,185,54,63,63,2020-0220-IND
1904,3,185,54,63,63,2020-0211-IND
1905,3,185,54,63,63,2020-0189-IND
1906,3,185,54,63,63,2020-0170-IND
1907,3,185,54,63,63,2020-0198-IND
1908,4,185,69,79,79,2020-0241-CHN
1909,4,185,69,79,79,2020-0244-CHN
1910,4,185,69,79,79,2020-0322-CHN
1911,6,185,99,111,111,2020-0211-BGD
1912,0,186,,15,15,2020-0266-CAN
1913,2,186,38,47,47,2020-0219-MEX
1914,2,186,38,47,47,2020-0281-MEX
1915,3,186,54,63,63,2020-0220-IND
1916,3,186,54,63,63,2020-0217-IND
1917,3,186,54,63,63,2020-0249-IND
1918,4,186,69,79,79,2020-0260-CHN
1919,4,186,69,79,79,2020-0255-CHN
1920,4,186,69,79,79,2020-0276-CHN
1921,4,186,69,79,79,2020-0282-CHN
1922,4,186,69,79,79,2020-0322-CHN
1923,6,186,99,111,111,2020-0323-BGD
1924,6,186,99,111,111,2020-0291-BGD
1925,7,186,,127,127,2020-0270-BRA
1926,2,187,38,47,47,2020-0316-MEX
1927,4,187,69,79,79,2020-0276-CHN
1928,4,187,69,79,79,2020-0322-CHN
1929,6,187,99,111,111,2020-0323-BGD
1930,7,187,,127,127,2020-0270-BRA
1931,2,188,38,47,47,2020-0353-MEX
1932,3,188,54,63,63,2020-0332-IND
1933,3,188,54,63,63,2020-0335-IND
1934,4,188,69,79,79,2020-0308-CHN
1935,4,188,69,79,79,2020-0355-CHN
1936,6,188,99,111,111,2020-0323-BGD
1937,3,189,54,63,63,2020-0435-IND
1938,4,189,69,79,79,2020-0430-CHN
1939,6,189,99,111,111,2020-0323-BGD
1940,6,189,99,111,111,2020-0444-BGD
1941,2,190,38,47,47,2020-0416-MEX
1942,2,190,38,47,47,2020-0483-MEX
1943,3,190,54,63,63,2020-0446-IND
1944,4,190,69,79,79,2020-0425-CHN
1945,2,191,38,47,47,2020-0506-MEX
1946,2,191,38,47,47,2020-0474-MEX
1947,3,191,54,63,63,2020-0524-IND
1948,3,191,54,63,63,2020-0525-IND
1949,4,191,69,79,79,2020-0496-CHN
1950,7,191,,127,127,2020-0511-BRA
