key,Country Name,Country Code,Year,"Life expectancy at birth, male (years)","Life expectancy at birth, total (years)",Net migration,"Population, female (% of total population)","Population, male (% of total population)","Population, total",Rural population,Rural population growth (annual %),Urban population,Urban population growth (annual %)
014eb68d-7a82-4154-a000-b31e788fcf1e,Canada,CAN,2005,77.9,80.1926829268293,1259335.3333333333,50.4250440542598,49.5749559457402,32243753.0,6409413.0,0.557844254173616,25834340.0,1.04061858829188
d200dc1b-515d-4f5a-89e7-50ddda2b1510,Canada,CAN,2006,78.1,80.3439024390244,1259335.3333333333,50.4150905888848,49.5849094111152,32571174.0,6444858.0,0.551491248878675,26126316.0,1.12384675481251
1ca0a143-f070-4377-8fdb-e39788eb1c0c,Canada,CAN,2007,78.3,80.5439024390244,1326431.0,50.4044557685291,49.5955442314709,32889025.0,6447564.0,0.0419781487099549,26441461.0,1.19901884209158
86bf64ef-9f39-456e-8286-7e3776807409,Canada,CAN,2008,78.5,80.6951219512195,1259335.3333333333,50.3948210128144,49.6051789871856,33247118.0,6457255.0,0.150191983656897,26789863.0,1.30902990520455
a7d6e8a9-962e-431b-82f2-7873d62ddcad,Canada,CAN,2009,78.8,80.9951219512195,1259335.3333333333,50.3884108895213,49.6115891104787,33628895.0,6470872.0,0.210657043137183,27158023.0,1.36489394771959
fb0b55f7-4597-4044-8c7b-6c89d07942a3,Canada,CAN,2010,79.1,81.2463414634146,1259335.3333333333,50.3864843544046,49.6135156455953,34004889.0,6482352.0,0.177253215195272,27522537.0,1.33326871439499
cc782937-d3b8-422d-8b70-fbe89b91ba3a,Canada,CAN,2011,79.4,81.4487804878049,1259335.3333333333,50.3897373751692,49.6102626248308,34339328.0,6491507.0,0.141129967876975,27847821.0,1.17495264216968
da56364d-0822-490e-8730-3cbdc440305c,Canada,CAN,2012,79.6,81.6487804878049,1241416.0,50.3970917384501,49.6029082615499,34714222.0,6548144.0,0.868694356405575,28166078.0,1.13636233305053
3b4874df-0058-458a-9af9-5bbd16021455,Canada,CAN,2013,79.7,81.7487804878049,1259335.3333333333,50.4058089554683,49.5941910445317,35082954.0,6603314.0,0.838999350897815,28479640.0,1.1071099946107
15f931da-a4b9-444e-9539-9c58682c2544,Canada,CAN,2014,79.8,81.8,1259335.3333333333,50.4123054239784,49.5876945760216,35437435.0,6655859.0,0.792587517646634,28781576.0,1.05460141956621
244d9ccc-dc83-4fbe-aadb-332eb6a7fc80,Canada,CAN,2015,79.9,81.9,1259335.3333333333,50.4141265575823,49.5858734424177,35702908.0,6691082.0,0.527807559356073,29011826.0,0.796807975480466
2b95b056-829f-4269-928a-0b5c02c60a42,Canada,CAN,2016,79.9,81.9,1259335.3333333333,50.4105660284427,49.5894339715573,36109487.0,6752474.0,0.913336125759693,29357013.0,1.18279215486163
5773beb0-526c-4b3a-866d-0fdc872641f5,Canada,CAN,2017,79.9,81.9,1210159.0,50.4025621628782,49.5974378371218,36545295.0,6815698.0,0.931952478221833,29729597.0,1.26116200732881
65bb7a7e-9e42-492f-86f5-f54fbadc4644,Canada,CAN,2018,80.0,82.0487804878049,1259335.3333333333,50.3915299543153,49.6084700456847,37065178.0,6890046.0,1.08492803121353,30175132.0,1.48750598693977
d21b32cd-f217-4ce4-8abf-98a1957a4d81,Canada,CAN,2019,80.0,82.0487804878049,1259335.3333333333,50.3795163341899,49.6204836658101,37593384.0,6961543.0,1.0323383832027,30631841.0,1.50218820550071
08aa1fe1-578e-4173-8f4d-c5aeaf24368d,Canada,CAN,2020,79.94000000000001,81.95951219512196,1259335.3333333333,50.3680248057894,49.6319751942105,38005238.0,7007406.0,0.656644458992974,30997832.0,1.18772430444538
f9824018-49c2-4fbc-838e-17df4addf09f,United States,USA,2005,75.0,77.4878048780488,5054833.666666667,50.6538020129792,49.3461979870208,295516599.0,59316092.0,0.0733898148736528,236200507.0,1.13588459113456
1caa9177-95d7-4ccf-b207-6ea9ed6ecc78,United States,USA,2006,75.2,77.6878048780488,5054833.666666667,50.6438964558909,49.3561035441091,298379912.0,59380586.0,0.108670280303657,238999326.0,1.17796815968651
46dee770-77e3-4d7f-aabe-dcc6685b3c3d,United States,USA,2007,75.5,77.9878048780488,5428756.0,50.6367847142009,49.3632152857991,301231207.0,59435929.0,0.0931570901609545,241795278.0,1.16306776101756
da326864-4e11-4038-babd-a395f0088ce3,United States,USA,2008,75.6,78.0390243902439,5054833.666666667,50.6307101023585,49.3692898976415,304093966.0,59486862.0,0.0856572616332229,244607104.0,1.15618567133535
3a9b82dd-7576-4fe7-ad7f-6b0589d8b06c,United States,USA,2009,76.0,78.390243902439,5054833.666666667,50.6233481370269,49.3766518629731,306771529.0,59495270.0,0.0141332145804876,247276259.0,1.08529029428822
c75b67f6-7e13-4b1f-9db8-a520dafb0a9c,United States,USA,2010,76.2,78.5414634146342,5054833.666666667,50.6131890528633,49.3868109471367,309327143.0,59477423.0,-0.0300018427486857,249849720.0,1.03534480069191
90d33e8f-b376-4511-8e75-dadd8b787c76,United States,USA,2011,76.3,78.6414634146341,5054833.666666667,50.5996033795709,49.4003966204291,311583481.0,59375348.0,-0.17176717755585,252208133.0,0.93950541093758
8f00aa95-e65d-4e5b-b798-c6819303299b,United States,USA,2012,76.4,78.7414634146342,4961716.0,50.5834049276266,49.4165950723734,313877662.0,59263241.0,-0.188989154899031,254614421.0,0.94956550837067
e0b6fc7a-6d76-4865-99f6-593c6c99b614,United States,USA,2013,76.4,78.7414634146342,5054833.666666667,50.5662962856078,49.4337037143922,316059947.0,59106371.0,-0.265051290084759,256953576.0,0.914510413562637
bb175c18-02b5-44bb-b329-2e5870ec312c,United States,USA,2014,76.5,78.8414634146341,5054833.666666667,50.5506734728571,49.4493265271429,318386329.0,58955597.0,-0.255415159548918,259430732.0,0.95943078191871
b4d7f8d5-945f-454b-8656-5621da0a6c8f,United States,USA,2015,76.3,78.690243902439,5054833.666666667,50.5382211684035,49.4617788315964,320738994.0,58788250.0,-0.284256234098651,261950744.0,0.966674782180289
0f8a7059-6d83-4f35-977d-7463ef6be7a7,United States,USA,2016,76.1,78.5390243902439,5054833.666666667,50.5293128025686,49.4706871974314,323071755.0,58598755.0,-0.322855438046257,264473000.0,0.958268060593122
66e526dc-9f8c-473a-b13b-922070b4372f,United States,USA,2017,76.1,78.5390243902439,4774029.0,50.5233822743544,49.4766177256456,325122128.0,58333412.0,-0.453841679756109,266788716.0,0.871785260117191
583f294d-3091-4ca3-bb75-169b45a0152e,United States,USA,2018,76.2,78.6390243902439,5054833.666666667,50.5200146539124,49.4799853460876,326838199.0,57994170.0,-0.58325455730801,268844029.0,0.767437430461766
3baba2ca-65ee-4816-978b-c3058651b375,United States,USA,2019,76.3,78.7878048780488,5054833.666666667,50.5184872077992,49.4815127922008,328329953.0,57592357.0,-0.695262032744607,270737596.0,0.701867775195684
36a407d6-7f7f-4920-a55f-0eb20112086a,United States,USA,2020,76.2,78.63902439024389,5054833.666666667,50.5182156443601,49.4817843556399,329484123.0,57119368.0,-0.824661438105005,272364755.0,0.599210762260319
49f95a8a-2873-41df-afad-bd500217b218,Mexico,MEX,2005,72.575,75.3,-428293.6666666667,51.0997125716447,48.9002874283553,106005199.0,25114752.0,0.11167801180592,80890447.0,1.82420878524429
4d91f292-6090-4691-b25a-75f70f9cb93d,Mexico,MEX,2006,72.532,75.296,-428293.6666666667,51.1080129997953,48.8919870002047,107560155.0,25151867.0,0.147672580663442,82408288.0,1.8590281344028
897ebd8b-31cb-4447-8e9e-2a0ffca26fd1,Mexico,MEX,2007,72.447,75.255,-562404.0,51.1026554489723,48.8973445510277,109170503.0,25196552.0,0.17750313761612,83973951.0,1.88206292256786
1c5d27b2-a8b6-47fa-80ca-855785ca3662,Mexico,MEX,2008,72.342,75.194,-428293.6666666667,51.0895438672027,48.9104561327973,110815272.0,25241503.0,0.17824244769517,85573769.0,1.88721556631294
a322a5aa-52fe-4ebc-b93c-5838ee286c9d,Mexico,MEX,2009,72.233,75.128,-428293.6666666667,51.0767972218211,48.9232027781789,112463886.0,25281882.0,0.159842847415204,87182004.0,1.86191341992348
45fb2535-2b91-4b1b-bfa1-21a245aa155f,Mexico,MEX,2010,72.135,75.065,-428293.6666666667,51.0699139449979,48.9300860550021,114092961.0,25311523.0,0.117173388078255,88781438.0,1.81796631467998
eefe58a4-c7f6-4251-add8-d439dbbe06c6,Mexico,MEX,2011,72.056,75.011,-428293.6666666667,51.0703185020177,48.9296814979823,115695468.0,25324581.0,0.0515758490797851,90370887.0,1.7744572453399
7fb775a8-22ae-4d79-b51b-e05301743ba4,Mexico,MEX,2012,71.997,74.966,-422477.0,51.0759011559205,48.9240988440795,117274156.0,25325354.0,0.0030523237593838,91948802.0,1.73097530755872
1b96c229-1adb-4541-a983-611364e90e4b,Mexico,MEX,2013,71.958,74.93,-428293.6666666667,51.0841907032734,48.9158092967266,118827158.0,25311373.0,-0.0552207900612247,93515785.0,1.68983234295214
a6f3d4e5-4035-4076-a2bb-67eea43a631c,Mexico,MEX,2014,71.943,74.908,-428293.6666666667,51.0915483399765,48.9084516600235,120355137.0,25283004.0,-0.112142908580838,95072133.0,1.65056526440047
00abc54c-40d6-4585-bfc7-0034b39e67a7,Mexico,MEX,2015,71.954,74.904,-428293.6666666667,51.0954978337905,48.9045021662095,121858251.0,25242937.0,-0.158599751358101,96615314.0,1.61013604556509
1a6dab43-827b-4660-8f8e-b6d19d022cef,Mexico,MEX,2016,71.99,74.917,-428293.6666666667,51.0956729726833,48.9043270273168,123333379.0,25188376.0,-0.216377556093139,98145003.0,1.5708748882209
09449310-3f09-4553-a537-04461f6ac77c,Mexico,MEX,2017,72.046,74.947,-300000.0,51.0932755523227,48.9067244476773,124777326.0,25121419.0,-0.266178940038251,99655907.0,1.52773148162835
3495ed8a-cff3-494b-8ad1-3bd51a71f83b,Mexico,MEX,2018,72.118,74.992,-428293.6666666667,51.0892808319391,48.9107191680609,126190782.0,25041299.0,-0.319440697492789,101149483.0,1.48761300066204
be60fff9-be75-44ec-94f2-4f6b04aaed19,Mexico,MEX,2019,72.203,75.054,-428293.6666666667,51.0851387494541,48.9148612505459,127575529.0,24948670.0,-0.370590771968483,102626859.0,1.45002297233125
f852447d-2210-4baa-800e-b27799274ede,Mexico,MEX,2020,72.0622,74.96279999999999,-428293.6666666667,51.0818744403914,48.9181255596086,128932753.0,24844052.0,-0.42021464078884,104088701.0,1.4143747761486
ffc5ac7e-ccfb-4a7f-b455-eccb7c1b76ae,India,IND,2005,63.689,64.5,-2556451.0,47.9742898249806,52.0257101750194,1147609924.0,812106163.0,1.11164776693103,335503761.0,2.72183174211269
f88f8058-d993-42fe-97d7-5209c7f0be7e,India,IND,2006,64.091,64.918,-2556451.0,47.9713764389529,52.0286235610471,1165486291.0,820863650.0,1.07259434797976,344622641.0,2.68168577159924
4664383c-e167-417d-acd6-5e4b86555d7c,India,IND,2007,64.499,65.35,-2655844.0,47.9695239863407,52.0304760136593,1183209471.0,829358847.0,1.02959110790375,353850624.0,2.64248337803077
0a1f5967-26ed-4ea5-a269-229ab9c4439c,India,IND,2008,64.91,65.794,-2556451.0,47.9689584287207,52.0310415712793,1200669762.0,837515186.0,0.978646728686219,363154576.0,2.59537148470971
77433ea8-72d5-4749-bd1f-c21a2a2b71cb,India,IND,2009,65.32,66.244,-2556451.0,47.9699486506169,52.0300513493831,1217726217.0,845260299.0,0.920523000240269,372465918.0,2.53169655052216
95bb8f48-8bee-41c0-8dd5-c01614cb929a,India,IND,2010,65.723,66.693,-2556451.0,47.9726175647712,52.0273824352288,1234281163.0,852517999.0,0.854969605672736,381763164.0,2.46548884731456
8df58780-c31e-4f64-81f4-7bf3caedac1b,India,IND,2011,66.115,67.13,-2556451.0,47.9770561075532,52.0229438924468,1250287939.0,859247883.0,0.786312981908638,391040056.0,2.40095729462256
24c532d9-062d-42a8-9611-62f7df123c24,India,IND,2012,66.488,67.545,-2350075.0,47.9830440835851,52.016955916415,1265780243.0,865363321.0,0.709199107347279,400416922.0,2.36963095342624
237354a4-492c-454f-9fca-ce2549bb3998,India,IND,2013,66.84,67.931,-2556451.0,47.9900253811063,52.0099746188937,1280842119.0,870934216.0,0.641700399588297,409907903.0,2.34261983514164
fb463284-717c-4417-b971-4c3cffe67d88,India,IND,2014,67.167,68.286,-2556451.0,47.9972699429582,52.0027300570418,1295600768.0,876033415.0,0.583778816634467,419567353.0,2.32915608060408
57a97475-51cc-4a84-a15c-ad1c1e3b0c35,India,IND,2015,67.468,68.607,-2556451.0,48.0042675829424,51.9957324170576,1310152392.0,880723742.0,0.533976836350169,429428650.0,2.32315357822471
fcb2b3bf-f25c-4778-8b2c-c5061b525979,India,IND,2016,67.745,68.897,-2556451.0,48.0108932518621,51.9891067481379,1324517250.0,885015936.0,0.486164807590946,439501314.0,2.31851026568661
251972ca-5651-43b8-ac7e-f697b62d4382,India,IND,2017,68.0,69.165,-2663434.0,48.0172859560747,51.9827140439253,1338676779.0,888881381.0,0.435814528961238,449795398.0,2.31521013771488
59283b86-2cdd-4817-aed3-8ee9cfdc8c82,India,IND,2018,68.239,69.416,-2556451.0,48.0235396426684,51.9764603573316,1352642283.0,892338114.0,0.388131541253613,460304169.0,2.30946996598269
e77d6c31-dd77-41d9-936f-0c46aa209846,India,IND,2019,68.464,69.656,-2556451.0,48.0298342961521,51.9701657038479,1366417756.0,895386227.0,0.341005140874281,471031529.0,2.30375244091858
59e056bc-9755-4f07-8dee-df493b3f51c6,India,IND,2020,67.9832,69.1482,-2556451.0,48.0363267106575,51.9636732893425,1380004385.0,898024053.0,0.294168928507531,481980332.0,2.29782759107855
527af6b3-e1e2-46e4-93a9-fc432e3b1163,China,CHN,2005,71.297,72.985,-1824196.6666666667,48.6400637799117,51.3599362200883,1303720000.0,749352182.0,-1.78102663063287,554367818.0,3.88247297575862
7a519f60-f7dd-4e58-8cf7-c80d4407e3ec,China,CHN,2006,71.551,73.271,-1824196.6666666667,48.6308718878836,51.3691281121164,1311020000.0,735901746.0,-1.81124634089962,575118254.0,3.67472809325703
5b55d29f-58c8-4824-9372-4222a97d553f,China,CHN,2007,71.788,73.553,-2178385.0,48.622836728759,51.377163271241,1317885000.0,722214159.0,-1.87748985110646,595670841.0,3.51125555182775
fef84a9e-d082-43b1-9238-fa905588c3c1,China,CHN,2008,72.017,73.835,-1824196.6666666667,48.6165262827882,51.3834737172118,1324655000.0,708173810.0,-1.96321561084525,616481190.0,3.43395768889026
9cb7067c-ef89-43a6-8718-99deb508c61d,China,CHN,2009,72.244,74.119,-1824196.6666666667,48.6125454435536,51.3874545564464,1331260000.0,693852712.0,-2.04298504800307,637407288.0,3.33810246782671
02de59a5-7c58-4f0c-94d5-249f07e93277,China,CHN,2010,72.476,74.409,-1824196.6666666667,48.6112967751381,51.3887032248619,1337705000.0,679206337.0,-2.13347423873235,658498663.0,3.25536549409244
f8eb2e74-0274-4f75-a94f-7df55c1e5c98,China,CHN,2011,72.72,74.708,-1824196.6666666667,48.6130617995767,51.3869382004233,1345035000.0,665644371.0,-2.01694146016743,679390629.0,3.12337717694482
68a9b18a-b46a-4622-b04b-6a82c002a429,China,CHN,2012,72.976,75.013,-1552209.0,48.6177331003947,51.3822668996053,1354190000.0,653193546.0,-1.88820699865451,700996454.0,3.13065659552565
d3a866c1-3933-4cf9-b492-662586215ae5,China,CHN,2013,73.242,75.321,-1824196.6666666667,48.6248166768948,51.3751833231052,1363240000.0,640545579.0,-1.95532000621928,722694421.0,3.048365006284
76ceabb9-db5b-4f14-9426-161a75efe888,China,CHN,2014,73.517,75.629,-1824196.6666666667,48.633582635472,51.366417364528,1371860000.0,627502483.0,-2.05726524272071,744357517.0,2.95349744191833
01399194-67fa-47e4-a33f-096e81bb257c,China,CHN,2015,73.793,75.928,-1824196.6666666667,48.6434871577742,51.3565128422258,1379860000.0,614037700.0,-2.16913010565563,765822300.0,2.84287054779151
31ff15dc-c40d-45ac-8924-017c8eb34a31,China,CHN,2016,74.061,76.21,-1824196.6666666667,48.6543796042457,51.3456203957543,1387790000.0,600413466.0,-2.24377990247916,787376534.0,2.77564176920889
54ef6708-b7db-4f02-8d0f-13521d4a636a,China,CHN,2017,74.315,76.47,-1741996.0,48.6663481812862,51.3336518187138,1396215000.0,586968786.0,-2.26468849431265,809246214.0,2.739663820353
7421b2c8-c765-49a1-95b8-6bf9508d1db2,China,CHN,2018,74.549,76.704,-1824196.6666666667,48.6793739572695,51.3206260427305,1402760000.0,572999405.0,-2.40869646259622,829760595.0,2.50340050353808
fe442c31-d05e-4c65-a814-895ba22e52c7,China,CHN,2019,74.761,76.912,-1824196.6666666667,48.6934979729146,51.3065020270854,1407745000.0,558762145.0,-2.51607966103332,848982855.0,2.29017723362897
2f45d392-ed85-4002-810d-8ad66a3528ed,China,CHN,2020,74.29580000000001,76.4448,-1824196.6666666667,48.7087371628449,51.2912628371551,1410929362.0,544223674.0,-2.63635539176798,866705688.0,2.06604671821217
cbdd3c89-c49c-4b94-9270-0a0039973d3c,Sudan,SDN,2005,58.636,60.525,-590277.6666666666,49.8693097410189,50.1306902589811,30949514.0,20810453.0,2.3257736725141,10139061.0,2.5664784940228
e9cf1932-09ed-4245-b62d-c083ca6c398a,Sudan,SDN,2006,59.106,60.969,-590277.6666666666,49.913293056016,50.086706943984,31661824.0,21272630.0,2.1965861350102,10389194.0,2.43708371863511
6c65cad0-cf52-4b00-be0c-01a1f350e82d,Sudan,SDN,2007,59.591,61.422,-982687.0,49.9714699524135,50.0285300475865,32360619.0,21724978.0,2.10413885934114,10635641.0,2.34444920092884
044f06ed-01f4-4595-a4d0-52a0163fe1a8,Sudan,SDN,2008,60.082,61.879,-590277.6666666666,50.0331026031882,49.9668973968118,33060844.0,22177545.0,2.06176320013617,10883299.0,2.30186928581966
f40b0255-e3bb-489a-9b2a-69bf33ac8226,Sudan,SDN,2009,60.567,62.33,-590277.6666666666,50.0844058919519,49.9155941080481,33783779.0,22637497.0,2.05274001919783,11146282.0,2.38765770049402
39bcc07d-98ab-48cd-bd0d-4b572c1f6b80,Sudan,SDN,2010,61.031,62.764,-590277.6666666666,50.1164422744191,49.8835577255809,34545014.0,23114414.0,2.08487149294258,11430600.0,2.51879804837629
adb138f3-f28b-4fb2-b5c3-c1189ad9d7a0,Sudan,SDN,2011,61.457,63.171,-590277.6666666666,50.1269601452641,49.8730398547359,35349676.0,23611109.0,2.12609160010023,11738567.0,2.65857757537626
74c3c191-df32-4727-a6fe-d53858830506,Sudan,SDN,2012,61.838,63.542,-538145.0,50.1203811781919,49.8796188218081,36193781.0,24124603.0,2.15148695146162,12069178.0,2.77751844352226
882c5ee9-231e-499f-9b0f-730456497ac1,Sudan,SDN,2013,62.17,63.875,-590277.6666666666,50.1032097733755,49.8967902266245,37072555.0,24650654.0,2.15712404458094,12421901.0,2.88061943179384
66373e06-d087-40a0-a332-9c41b3347781,Sudan,SDN,2014,62.453,64.169,-590277.6666666666,50.0841086642075,49.9158913357925,37977657.0,25183364.0,2.13801862095868,12794293.0,2.95380877514956
5c8b2bd0-6703-488b-9aeb-01ba50b8b27e,Sudan,SDN,2015,62.693,64.429,-590277.6666666666,50.0690101942917,49.9309898057083,38902948.0,25717183.0,2.09757499235856,13185765.0,3.01386264742167
c4e51dcf-07db-4d54-8ad0-a15568733072,Sudan,SDN,2016,62.9,64.663,-590277.6666666666,50.0589410615233,49.9410589384767,39847433.0,26251090.0,2.05481442749858,13596343.0,3.06630209239436
37b723c0-ea51-4777-8ba2-4df56794be06,Sudan,SDN,2017,63.09,64.881,-250001.0,50.0520245827118,49.9479754172882,40813398.0,26785833.0,2.01656163602638,14027565.0,3.12234628634915
6bdd579c-c480-489e-88e9-923a7be0ac64,Sudan,SDN,2018,63.277,65.095,-590277.6666666666,50.047414530166,49.952585469834,41801532.0,27320645.0,1.97695151561673,14480887.0,3.1805319600142
55bd481b-82f3-40a7-ab89-079f50bffa63,Sudan,SDN,2019,63.467,65.311,-590277.6666666666,50.0435904904831,49.9564095095169,42813237.0,27856005.0,1.94059190188622,14957232.0,3.23652867012846
731a7e82-d5ec-470f-bc58-0d85e4e552f1,Sudan,SDN,2020,63.08540000000001,64.8758,-590277.6666666666,50.0395434186143,49.9604565813857,43849269.0,28391086.0,1.90266601388484,15458183.0,3.29435784560106
421cef73-9bc1-484f-8598-ae126868cf56,Bangladesh,BGD,2005,66.949,67.773,-2469706.6666666665,48.7745277726002,51.2254722273997,139035505.0,101761476.0,0.539656217107946,37274029.0,4.11135670857974
f756379e-7077-472c-b0af-fcdf17786083,Bangladesh,BGD,2006,67.318,68.213,-2469706.6666666665,48.8455005130032,51.1544994869968,140921154.0,102143880.0,0.375080337096801,38777274.0,3.95375426974228
470d47b4-859b-4dae-82d8-70ed7f02015c,Bangladesh,BGD,2007,67.679,68.648,-3254778.0,48.9305737939954,51.0694262060046,142660381.0,102377369.0,0.228327474606987,40283012.0,3.8095488240978
e8dd0064-f661-4a7d-9a01-ae4710a98355,Bangladesh,BGD,2008,68.031,69.072,-2469706.6666666665,49.0203816987568,50.9796183012432,144304164.0,102502134.0,0.121793555329638,41802030.0,3.70150613260051
90397a88-c482-4fee-b2fc-aa92929f7b21,Bangladesh,BGD,2009,68.37,69.485,-2469706.6666666665,49.1023496041231,50.8976503958769,145924795.0,102571998.0,0.068135363559973,43352797.0,3.64263195382955
638b3f68-0323-4432-a6db-05f9da8a8509,Bangladesh,BGD,2010,68.694,69.881,-2469706.6666666665,49.1678997818018,50.8321002181982,147575433.0,102621005.0,0.0477667368919127,44954428.0,3.62780430377557
0d17265c-40c9-4610-9b30-bf6d136910a4,Bangladesh,BGD,2011,68.996,70.256,-2469706.6666666665,49.2141070743514,50.7858929256486,149273134.0,102662598.0,0.0405224771597168,46610536.0,3.61773444758679
8a37107d-82b9-48f0-b2c8-7c6eb07d7a22,Bangladesh,BGD,2012,69.273,70.606,-2306839.0,49.2443819997218,50.7556180002782,151005733.0,102694469.0,0.0310395943236583,48311264.0,3.5838132582531
f9ed9ba8-0366-4f4a-a626-b3cb37df6ea4,Bangladesh,BGD,2013,69.526,70.93,-2469706.6666666665,49.2642811571794,50.7357188428206,152761413.0,102713719.0,0.0187431671967787,50047694.0,3.53116881944793
50c032e1-b8dd-4141-97ce-016905fbd601,Bangladesh,BGD,2014,69.759,71.231,-2469706.6666666665,49.2819400224771,50.7180599775229,154517385.0,102699980.0,-0.0133769072728521,51817405.0,3.47496659160657
6899bca0-092f-411d-90f0-173d51a0831a,Bangladesh,BGD,2015,69.978,71.514,-2469706.6666666665,49.3030594026594,50.6969405973406,156256287.0,102647880.0,-0.0507431644215006,53608407.0,3.39798061026891
acdb78ec-3cae-468c-bab8-5dfff8426909,Bangladesh,BGD,2016,70.192,71.785,-2469706.6666666665,49.328805151069,50.671194848931,157977151.0,102554027.0,-0.0914738151475979,55423124.0,3.32910045953364
de631d29-5ce7-4656-b229-992c3a04d990,Bangladesh,BGD,2017,70.409,72.052,-1847503.0,49.3572628649675,50.6427371350325,159685421.0,102425423.0,-0.125479912131817,57259998.0,3.26053573537605
2c785b4c-5f64-4be6-8e44-a1c99df12971,Bangladesh,BGD,2018,70.637,72.32,-2469706.6666666665,49.3872966665271,50.6127033334729,161376713.0,102261195.0,-0.160467779325435,59115518.0,3.18911971165231
298ab6a1-0da7-4881-b4d2-f4081a87d857,Bangladesh,BGD,2019,70.877,72.591,-2469706.6666666665,49.4169108771415,50.5830891228585,163046173.0,102058752.0,-0.198162802231863,60987421.0,3.11741679356148
650b4fbf-e791-4038-be04-100948ad2494,Bangladesh,BGD,2020,70.4186,72.0524,-2469706.6666666665,49.4447629328965,50.5552370671035,164689383.0,101815917.0,-0.238219996657073,62873466.0,3.04566007142533
5cb9bcab-2fdb-4c7f-9286-1f397da67f7f,Brazil,BRA,2005,68.166,71.896,40641.333333333336,50.5702887727671,49.429711227233,186127108.0,31950579.0,-0.661062614587972,154176529.0,1.5244645710207
8f322031-eec9-4e6b-a125-ebc849adf14a,Brazil,BRA,2006,68.536,72.26,40641.333333333336,50.5914439897552,49.4085560102448,188167353.0,31719371.0,-0.726273591543747,156447982.0,1.46253332118772
91b55300-d5a1-46b7-91f9-66f549dd75d1,Brazil,BRA,2007,68.905,72.618,0.0,50.6125865323673,49.3874134676327,190130445.0,31470391.0,-0.788043127920014,158660054.0,1.40403168822088
90d5c147-b7d6-4810-9d28-6f0a78258ba0,Brazil,BRA,2008,69.266,72.966,40641.333333333336,50.6336055336916,49.3663944663084,192030362.0,31206854.0,-0.840938535382042,160823508.0,1.3543651865177
2f7a7dac-30fe-48d0-8307-252e053d14d5,Brazil,BRA,2009,69.616,73.3,40641.333333333336,50.6543536900621,49.3456463099379,193886505.0,30936531.0,-0.870003155034242,162949974.0,1.31357056360001
9f359add-ddbb-4738-8542-cbc6e96cefcf,Brazil,BRA,2010,69.95,73.619,40641.333333333336,50.6747355576454,49.3252644423546,195713637.0,30658541.0,-0.902643274670361,165055096.0,1.28360875894277
0c5da2e6-246f-4ab9-97c4-ee3abb2ebb1d,Brazil,BRA,2011,70.265,73.921,40641.333333333336,50.6946751834337,49.3053248165663,197514541.0,30356010.0,-0.991676491378618,167158531.0,1.26633162387043
40d0eee4-22e2-4743-9f4f-f932206fd196,Brazil,BRA,2012,70.56,74.209,15924.0,50.7142025894958,49.2857974105042,199287292.0,30046545.0,-1.02468416362962,169240747.0,1.2379590138736
ee5994ab-8603-4390-9238-cde29b5d775b,Brazil,BRA,2013,70.838,74.483,40641.333333333336,50.7334615213808,49.2665384786192,201035904.0,29735221.0,-1.04154438797288,171300683.0,1.20981527868807
b51ee4a1-d338-46cd-a1a9-6cd65b4e7d7e,Brazil,BRA,2014,71.099,74.745,40641.333333333336,50.752659213079,49.247340786921,202763744.0,29416964.0,-1.07607207068139,173346780.0,1.18737043423465
fc9fc76d-baf0-40f9-a4ef-ebf092283934,Brazil,BRA,2015,71.345,74.994,40641.333333333336,50.7719224932182,49.2280775067818,204471759.0,29096331.0,-1.09594309887831,175375428.0,1.16348820828163
e74f7efd-b966-41a8-97a0-96247b106c56,Brazil,BRA,2016,71.578,75.23,40641.333333333336,50.7912843511594,49.2087156488406,206163056.0,28776239.0,-1.10620718629365,177386817.0,1.14037759212483
34fc1f1d-3a7d-4084-a07a-8fc71d33e491,Brazil,BRA,2017,71.804,75.456,106000.0,50.8106594294745,49.1893405705255,207833825.0,28454529.0,-1.12426724243651,179379296.0,1.11697812273061
7a3acb9d-fb80-401e-aad6-576ce937ec60,Brazil,BRA,2018,72.024,75.672,40641.333333333336,50.8299167629894,49.1700832370106,209469320.0,28133824.0,-1.13347859268477,181335496.0,1.08463485344243
a9b6ac3f-49bf-45c8-8d07-e504f312b0d2,Brazil,BRA,2019,72.243,75.881,40641.333333333336,50.8489000631174,49.1510999368826,211049519.0,27807885.0,-1.16529399661524,183241634.0,1.04568016584537
7a0fa431-8a52-4e29-b0b3-d8faea86f045,Brazil,BRA,2020,71.7988,75.44660000000002,40641.333333333336,50.8674852403264,49.1325147596736,212559409.0,27477555.0,-1.19501239772363,185081854.0,0.999249503269173
a64682ef-b196-4473-b5e3-7db848bf1be8,Niger,NER,2005,52.644,53.411,6303.666666666667,50.2112595319276,49.7887404680724,13624474.0,11411587.0,3.73389710806623,2212887.0,3.69715794452892
634d3e14-967d-4a4b-86cb-6af9d4de0331,Niger,NER,2006,53.378,54.18,6303.666666666667,50.1713627907414,49.8286372092586,14143969.0,11847271.0,3.74683029795261,2296698.0,3.71744413669106
1391968a-69b9-49e9-9826-07d9eb39bb41,Niger,NER,2007,54.127,54.968,-20001.0,50.1347392281479,49.8652607718521,14685404.0,12301376.0,3.7613580339656,2384028.0,3.73190548753688
a96a280b-b5d1-4d91-8a63-f1974b0daec9,Niger,NER,2008,54.88,55.764,6303.666666666667,50.1000497478413,49.8999502521587,15250913.0,12775842.0,3.78449178581331,2475071.0,3.74775883773054
92bcaa72-1235-4d29-9080-43dceb9f62ed,Niger,NER,2009,55.63,56.557,6303.666666666667,50.0655710036103,49.9344289963897,15843131.0,13272583.0,3.81444350896435,2570548.0,3.78500232710386
90abfa18-f78d-4b62-9c4b-87bb7dc65985,Niger,NER,2010,56.364,57.333,6303.666666666667,50.0303722813832,49.9696277186168,16464025.0,13793396.0,3.84894479087042,2670629.0,3.81949194428495
56dc58f0-a206-4b72-a4a3-c8c93c6a91d2,Niger,NER,2011,57.074,58.081,6303.666666666667,49.9943499094642,50.0056500905358,17114770.0,14339439.0,3.88237861707235,2775331.0,3.84559941727013
67bd1491-0917-41a6-9152-97c769fb8b28,Niger,NER,2012,57.752,58.79,18911.0,49.9581713257765,50.0418286742235,17795209.0,14910250.0,3.90351828390637,2884959.0,3.8740669056135
f7d3ae39-ec60-4b46-a517-db598b0be380,Niger,NER,2013,58.392,59.455,6303.666666666667,49.9224747216686,50.0775252783315,18504287.0,15505112.0,3.91208800962548,2999175.0,3.88265624280715
40da50ef-a985-48d2-820b-e49bdbc04184,Niger,NER,2014,58.988,60.07,6303.666666666667,49.8882391029357,50.1117608970643,19240182.0,16119617.0,3.88672014883935,3120565.0,3.96768243215364
8ffb7a5e-abf5-4df7-80ee-0512828a3794,Niger,NER,2015,59.536,60.631,6303.666666666667,49.8560344707338,50.1439655292662,20001663.0,16751993.0,3.84802587765253,3249670.0,4.05393775545166
19e077b6-7e6b-487a-9fb6-244374bcd293,Niger,NER,2016,60.033,61.137,6303.666666666667,49.8258364159644,50.1741635840356,20788789.0,17402295.0,3.80848578070822,3386494.0,4.12417152057875
f1923be6-bac7-495a-b36d-211917c25457,Niger,NER,2017,60.485,61.599,20001.0,49.7974760938467,50.2025239061533,21602388.0,18070398.0,3.76730357435162,3531990.0,4.2066283550111
eadf6294-5625-447b-8af3-53aca4f6317c,Niger,NER,2018,60.9,62.024,6303.666666666667,49.7710025976669,50.2289974023331,22442831.0,18756596.0,3.72703474025267,3686235.0,4.27441604824506
1b86e128-73d7-4b21-859b-1de154dc3977,Niger,NER,2019,61.281,62.42,6303.666666666667,49.746462131863,50.253537868137,23310719.0,19460488.0,3.68406763039615,3850231.0,4.35275345366869
8e01f24d-80da-4199-8b0a-390541d2642d,Niger,NER,2020,60.447,61.562200000000004,6303.666666666667,49.7238484521352,50.2761515478648,24206636.0,20182041.0,3.64069960288767,4024595.0,4.42911381901051
