key,seed_id,country,start_year,start_month,start_day,end_year,end_month,end_day,event_type,total_affected,total_deaths
0,2005-0591-CAN,Canada,2005,9.0,27.0,2005,9.0,29.0,Flood,600.0,0.0
1,2005-0728-CAN,Canada,2005,6.0,7.0,2005,7.0,1.0,Flood,5000.0,4.0
2,2005-0764-CAN,Canada,2005,11.0,30.0,2005,12.0,1.0,Miscellaneous accident,506.0,0.0
3,2005-0780-CAN,Canada,2005,5.0,8.0,2005,5.0,8.0,Miscellaneous accident,155.0,0.0
4,2006-0224-CAN,Canada,2006,4.0,22.0,2006,5.0,31.0,Flood,2000.0,0.0
5,2006-0269-CAN,Canada,2006,5.0,20.0,2006,5.0,28.0,Flood,400.0,1.0
6,2007-0066-CAN,Canada,2007,2.0,14.0,2007,2.0,15.0,Storm,2.0,2.0
7,2007-0165-CAN,Canada,2007,6.0,6.0,2007,6.0,11.0,Flood,500.0,0.0
8,2007-0621-CAN,Canada,2007,12.0,23.0,2007,12.0,26.0,Storm,4.0,4.0
9,2008-0264-CAN,Canada,2008,4.0,26.0,2008,5.0,1.0,Flood,2000.0,0.0
10,2008-0606-CAN,Canada,2008,8.0,10.0,2008,8.0,10.0,Industrial accident,12518.0,2.0
11,2009-0099-CAN,Canada,2009,3.0,12.0,2009,3.0,12.0,Transport accident,1.0,16.0
12,2009-0189-CAN,Canada,2009,4.0,1.0,2009,4.0,9.0,Flood,200.0,0.0
13,2009-0342-CAN,Canada,2009,8.0,23.0,2009,8.0,23.0,Storm,3.0,0.0
14,2010-0655-CAN,Canada,2010,12.0,26.0,2010,12.0,28.0,Storm,0.0,0.0
15,2011-0131-CAN,Canada,2011,4.0,4.0,2011,5.0,31.0,Flood,2000.0,5.0
16,2011-0323-CAN,Canada,2011,8.0,21.0,2011,8.0,24.0,Storm,20.0,1.0
17,2011-0630-CAN,Canada,2011,5.0,14.0,2011,5.0,16.0,Wildfire,7000.0,1.0
18,2012-0493-CAN,Canada,2012,12.0,24.0,2012,12.0,27.0,Storm,0.0,0.0
19,2012-0626-CAN,Canada,2012,8.0,12.0,2012,8.0,12.0,Storm,0.0,0.0
20,2012-0068-CAN,Canada,2012,3.0,25.0,2012,3.0,30.0,Flood,1500.0,0.0
21,2012-0036-CAN,Canada,2012,2.0,6.0,2012,2.0,6.0,Transport accident,11.0,11.0
22,2013-0528-CAN,Canada,2013,12.0,21.0,2013,12.0,22.0,Extreme temperature,10.0,10.0
23,2013-0190-CAN,Canada,2013,6.0,20.0,2013,6.0,27.0,Flood,100000.0,4.0
24,2013-0171-CAN,Canada,2013,3.0,21.0,2013,3.0,21.0,Transport accident,100.0,0.0
25,2013-0240-CAN,Canada,2013,7.0,6.0,2013,7.0,6.0,Transport accident,2000.0,47.0
26,2014-0319-CAN,Canada,2014,8.0,4.0,2014,8.0,4.0,Flood,6904.0,0.0
27,2014-0031-CAN,Canada,2014,1.0,23.0,2014,1.0,23.0,Miscellaneous accident,32.0,32.0
28,2015-0275-CAN,Canada,2015,7.0,1.0,2015,7.0,10.0,Wildfire,13036.0,0.0
29,2016-0172-CAN,Canada,2016,5.0,1.0,2016,7.0,4.0,Wildfire,88000.0,0.0
30,2016-0243-CAN,Canada,2016,6.0,14.0,2016,6.0,21.0,Flood,300.0,0.0
31,2017-0271-CAN,Canada,2017,7.0,7.0,2017,9.0,15.0,Wildfire,43441.0,0.0
32,2017-0126-CAN,Canada,2017,5.0,5.0,2017,5.0,20.0,Flood,16113.0,2.0
33,2017-0471-CAN,Canada,2017,8.0,28.0,2017,8.0,29.0,Flood,3000.0,0.0
34,2018-0366-CAN,Canada,2018,9.0,21.0,2018,9.0,21.0,Storm,930.0,0.0
35,2018-0195-CAN,Canada,2018,6.0,29.0,2018,7.0,5.0,Extreme temperature,70.0,70.0
36,2018-0110-CAN,Canada,2018,4.0,6.0,2018,4.0,6.0,Transport accident,13.0,16.0
37,2018-0160-CAN,Canada,2018,5.0,10.0,2018,5.0,14.0,Flood,4000.0,0.0
38,2019-0171-CAN,Canada,2019,4.0,27.0,2019,5.0,5.0,Flood,19500.0,1.0
39,2019-0532-CAN,Canada,2019,10.0,31.0,2019,11.0,2.0,Storm,1.0,1.0
40,2020-0266-CAN,Canada,2020,6.0,13.0,2020,6.0,14.0,Storm,60000.0,0.0
41,2020-0191-CAN,Canada,2020,4.0,26.0,2020,4.0,30.0,Flood,12936.0,1.0
42,2005-0103-USA,United States,2005,2.0,17.0,2005,2.0,23.0,Flood,150.0,9.0
43,2005-0009-USA,United States,2005,1.0,7.0,2005,1.0,7.0,Transport accident,950.0,9.0
44,2005-0148-USA,United States,2005,3.0,23.0,2005,3.0,23.0,Industrial accident,170.0,15.0
45,2005-0467-USA,United States,2005,8.0,29.0,2005,9.0,19.0,Storm,500000.0,1833.0
46,2005-0716-USA,United States,2005,12.0,31.0,2006,1.0,18.0,Flood,3600.0,3.0
47,2005-0585-USA,United States,2005,10.0,24.0,2005,10.0,24.0,Storm,30000.0,4.0
48,2005-0286-USA,United States,2005,5.0,6.0,2005,5.0,8.0,Flood,0.0,0.0
49,2005-0547-USA,United States,2005,9.0,23.0,2005,10.0,1.0,Storm,300000.0,10.0
50,2005-0203-USA,United States,2005,4.0,1.0,2005,4.0,6.0,Flood,11000.0,2.0
51,2005-0687-USA,United States,2005,7.0,4.0,2005,7.0,30.0,Extreme temperature,31.0,33.0
52,2006-0704-USA,United States,2006,10.0,15.0,2006,10.0,15.0,Earthquake,3529.0,0.0
53,2006-0341-USA,United States,2006,6.0,25.0,2006,7.0,1.0,Flood,65000.0,11.0
54,2006-0161-USA,United States,2006,4.0,2.0,2006,4.0,3.0,Storm,3636.0,28.0
55,2006-0260-USA,United States,2006,5.0,11.0,2006,5.0,22.0,Flood,2500.0,2.0
56,2006-0546-USA,United States,2006,9.0,22.0,2006,9.0,26.0,Flood,1210.0,14.0
57,2006-0128-USA,United States,2006,3.0,11.0,2006,3.0,13.0,Storm,42.0,10.0
58,2006-0706-USA,United States,2006,12.0,25.0,2006,12.0,25.0,Storm,600.0,0.0
59,2006-0418-USA,United States,2006,7.0,27.0,2006,7.0,30.0,Flood,600.0,1.0
60,2006-0461-USA,United States,2006,8.0,19.0,2006,8.0,24.0,Flood,150.0,0.0
61,2006-0598-USA,United States,2006,11.0,5.0,2006,11.0,10.0,Flood,1500.0,2.0
62,2006-0005-USA,United States,2006,1.0,2.0,2006,1.0,2.0,Industrial accident,7.0,13.0
63,2007-0026-USA,United States,2007,1.0,12.0,2007,1.0,17.0,Storm,220.0,65.0
64,2007-0048-USA,United States,2007,2.0,2.0,2007,2.0,2.0,Storm,6600.0,20.0
65,2007-0383-USA,United States,2007,8.0,16.0,2007,8.0,27.0,Flood,2840.0,26.0
66,2007-0581-USA,United States,2007,12.0,3.0,2007,12.0,7.0,Storm,1128.0,17.0
67,2007-0244-USA,United States,2007,6.0,26.0,2007,7.0,6.0,Flood,5000.0,8.0
68,2007-0519-USA,United States,2007,10.0,21.0,2007,10.0,24.0,Wildfire,640064.0,8.0
69,2007-0156-USA,United States,2007,4.0,24.0,2007,4.0,26.0,Storm,280.0,10.0
70,2007-0083-USA,United States,2007,3.0,1.0,2007,3.0,2.0,Storm,20.0,20.0
71,2007-0173-USA,United States,2007,5.0,24.0,2007,5.0,29.0,Flood,100.0,8.0
72,2007-0579-USA,United States,2007,11.0,24.0,2007,11.0,27.0,Wildfire,10159.0,0.0
73,2008-0010-USA,United States,2008,1.0,5.0,2008,1.0,9.0,Flood,1500.0,2.0
74,2008-0194-USA,United States,2008,5.0,10.0,2008,5.0,12.0,Storm,150.0,22.0
75,2008-0304-USA,United States,2008,7.0,23.0,2008,7.0,23.0,Storm,0.0,0.0
76,2008-0131-USA,United States,2008,3.0,17.0,2008,4.0,20.0,Flood,1000.0,18.0
77,2008-0627-USA,United States,2008,6.0,9.0,2008,6.0,30.0,Flood,11000148.0,24.0
78,2008-0338-USA,United States,2008,8.0,20.0,2008,8.0,28.0,Storm,400.0,12.0
79,2008-0645-USA,United States,2008,4.0,28.0,2008,4.0,28.0,Storm,200.0,0.0
80,2008-0099-USA,United States,2008,2.0,21.0,2008,2.0,21.0,Earthquake,2103.0,0.0
81,2008-0638-USA,United States,2008,12.0,29.0,2009,1.0,16.0,Flood,30000.0,0.0
82,2008-0352-USA,United States,2008,9.0,1.0,2008,9.0,1.0,Storm,2100000.0,43.0
83,2008-0474-USA,United States,2008,10.0,5.0,2008,10.0,5.0,Transport accident,30.0,10.0
84,2008-0524-USA,United States,2008,11.0,13.0,2008,11.0,18.0,Wildfire,55020.0,0.0
85,2009-0106-USA,United States,2009,3.0,24.0,2009,4.0,20.0,Flood,5060.0,2.0
86,2009-0056-USA,United States,2009,1.0,26.0,2009,1.0,28.0,Extreme temperature,58.0,58.0
87,2009-0071-USA,United States,2009,2.0,12.0,2009,2.0,12.0,Transport accident,50.0,50.0
88,2009-0601-USA,United States,2009,6.0,10.0,2009,6.0,18.0,Storm,2.0,1.0
89,2009-0184-USA,United States,2009,5.0,3.0,2009,5.0,10.0,Flood,900.0,0.0
90,2009-0477-USA,United States,2009,11.0,9.0,2009,11.0,10.0,Storm,6.0,6.0
91,2009-0342-USA,United States,2009,8.0,23.0,2009,8.0,23.0,Storm,9.0,3.0
92,2009-0599-USA,United States,2009,12.0,23.0,2009,12.0,25.0,Storm,19.0,19.0
93,2009-0190-USA,United States,2009,4.0,6.0,2009,4.0,9.0,Flood,1000.0,0.0
94,2009-0405-USA,United States,2009,9.0,20.0,2009,9.0,21.0,Flood,3000.0,9.0
95,2009-0349-USA,United States,2009,7.0,7.0,2009,10.0,27.0,Wildfire,192.0,2.0
96,2010-0196-USA,United States,2010,5.0,12.0,2010,5.0,16.0,Storm,58.0,5.0
97,2010-0689-USA,United States,2010,6.0,17.0,2010,6.0,20.0,Storm,100.0,20.0
98,2010-0187-USA,United States,2010,4.0,30.0,2010,5.0,3.0,Storm,8000.0,30.0
99,2010-0612-USA,United States,2010,3.0,13.0,2010,3.0,15.0,Storm,11.0,11.0
100,2010-0027-USA,United States,2010,1.0,10.0,2010,1.0,10.0,Earthquake,630.0,0.0
101,2010-0651-USA,United States,2010,12.0,19.0,2010,12.0,19.0,Flood,1000.0,0.0
102,2010-0474-USA,United States,2010,9.0,9.0,2010,9.0,9.0,Miscellaneous accident,171.0,8.0
103,2011-0029-USA,United States,2011,1.0,31.0,2011,2.0,2.0,Storm,39.0,39.0
104,2011-0145-USA,United States,2011,4.0,22.0,2011,4.0,29.0,Storm,17200.0,354.0
105,2011-0166-USA,United States,2011,5.0,1.0,2011,5.0,24.0,Flood,25000.0,1.0
106,2011-0264-USA,United States,2011,7.0,19.0,2011,7.0,22.0,Extreme temperature,22.0,22.0
107,2011-0118-USA,United States,2011,3.0,12.0,2011,3.0,12.0,Transport accident,20.0,14.0
108,2012-0060-USA,United States,2012,3.0,2.0,2012,3.0,4.0,Storm,41.0,41.0
109,2012-0612-USA,United States,2012,5.0,25.0,2012,5.0,30.0,Storm,0.0,0.0
110,2012-0615-USA,United States,2012,7.0,2.0,2012,7.0,4.0,Storm,1.0,1.0
111,2012-0616-USA,United States,2012,9.0,7.0,2012,9.0,9.0,Storm,5.0,5.0
112,2012-0010-USA,United States,2012,1.0,22.0,2012,1.0,23.0,Storm,100.0,2.0
113,2012-0055-USA,United States,2012,2.0,28.0,2012,2.0,29.0,Storm,200.0,14.0
114,2012-0122-USA,United States,2012,4.0,2.0,2012,4.0,3.0,Storm,3300.0,0.0
115,2011-0328-USA,United States,2011,8.0,27.0,2011,9.0,13.0,Storm,370000.0,46.0
116,2011-0444-USA,United States,2011,10.0,29.0,2011,10.0,31.0,Storm,29.0,29.0
117,2011-0527-USA,United States,2011,12.0,20.0,2011,12.0,20.0,Storm,6.0,6.0
118,2011-0349-USA,United States,2011,9.0,4.0,2011,9.0,9.0,Wildfire,4800.0,4.0
119,2012-0410-USA,United States,2012,10.0,28.0,2012,10.0,28.0,Storm,54.0,54.0
120,2012-0313-USA,United States,2012,8.0,28.0,2012,8.0,29.0,Storm,60000.0,1.0
121,2012-0493-USA,United States,2012,12.0,25.0,2012,12.0,27.0,Storm,17.0,17.0
122,2012-0176-USA,United States,2012,6.0,22.0,2012,6.0,27.0,Storm,17001.0,9.0
123,2013-0354-USA,United States,2013,9.0,12.0,2013,9.0,19.0,Flood,21900.0,9.0
124,2013-0439-USA,United States,2013,11.0,16.0,2013,11.0,18.0,Storm,185.0,11.0
125,2013-0013-USA,United States,2013,1.0,29.0,2013,1.0,30.0,Storm,1107.0,3.0
126,2013-0184-USA,United States,2013,5.0,26.0,2013,6.0,6.0,Storm,170150.0,27.0
127,2013-0055-USA,United States,2013,2.0,9.0,2013,2.0,11.0,Storm,4882.0,1.0
128,2013-0254-USA,United States,2013,7.0,27.0,2013,7.0,28.0,Flood,1425.0,2.0
129,2013-0277-USA,United States,2013,8.0,5.0,2013,8.0,12.0,Flood,6000.0,3.0
130,2013-0291-USA,United States,2013,4.0,22.0,2013,4.0,29.0,Flood,300.0,5.0
131,2013-0510-USA,United States,2013,10.0,31.0,2013,11.0,10.0,Flood,4800.0,4.0
132,2013-0210-USA,United States,2013,6.0,6.0,2013,6.0,20.0,Wildfire,1617.0,2.0
133,2013-0550-USA,United States,2013,12.0,1.0,2013,12.0,9.0,Storm,20.0,20.0
134,2013-0548-USA,United States,2013,3.0,18.0,2013,3.0,19.0,Storm,2.0,2.0
135,2014-0482-USA,United States,2014,12.0,10.0,2014,12.0,17.0,Storm,30.0,3.0
136,2014-0263-USA,United States,2014,7.0,26.0,2014,7.0,27.0,Storm,300.0,0.0
137,2014-0444-USA,United States,2014,10.0,12.0,2014,10.0,14.0,Storm,2.0,2.0
138,2014-0540-USA,United States,2014,6.0,3.0,2014,6.0,6.0,Storm,36.0,2.0
139,2014-0072-USA,United States,2014,2.0,11.0,2014,2.0,14.0,Storm,25.0,25.0
140,2014-0459-USA,United States,2014,11.0,15.0,2014,11.0,19.0,Storm,13.0,13.0
141,2014-0317-USA,United States,2014,8.0,11.0,2014,8.0,13.0,Flood,102000.0,2.0
142,2014-0095-USA,United States,2014,3.0,22.0,2014,3.0,22.0,Landslide,150.0,43.0
143,2014-0165-USA,United States,2014,5.0,11.0,2014,5.0,20.0,Wildfire,429.0,2.0
144,2014-0568-USA,United States,2014,1.0,9.0,2014,1.0,10.0,Industrial accident,169.0,0.0
145,2014-0556-USA,United States,2014,4.0,30.0,2014,4.0,30.0,Miscellaneous accident,184.0,2.0
146,2015-0155-USA,United States,2015,4.0,24.0,2015,4.0,28.0,Storm,12.0,4.0
147,2015-0245-USA,United States,2015,6.0,3.0,2015,6.0,8.0,Storm,0.0,0.0
148,2015-0401-USA,United States,2015,8.0,13.0,2015,8.0,31.0,Wildfire,4508.0,4.0
149,2015-0123-USA,United States,2015,3.0,25.0,2015,3.0,26.0,Storm,3312.0,1.0
150,2015-0565-USA,United States,2015,12.0,15.0,2016,1.0,6.0,Flood,4050.0,31.0
151,2015-0072-USA,United States,2015,1.0,31.0,2015,2.0,4.0,Storm,22.0,22.0
152,2015-0531-USA,United States,2015,11.0,25.0,2015,12.0,4.0,Storm,300.0,18.0
153,2015-0212-USA,United States,2015,5.0,23.0,2015,5.0,30.0,Flood,12000.0,32.0
154,2015-0073-USA,United States,2015,2.0,16.0,2015,2.0,22.0,Storm,30.0,30.0
155,2015-0421-USA,United States,2015,9.0,13.0,2015,9.0,20.0,Wildfire,7302.0,4.0
156,2015-0587-USA,United States,2015,10.0,23.0,2015,10.0,23.0,Industrial accident,8234.0,0.0
157,2015-0399-USA,United States,2015,7.0,24.0,2015,8.0,5.0,Flood,600.0,0.0
158,2016-0203-USA,United States,2016,6.0,22.0,2016,6.0,24.0,Storm,2000.0,25.0
159,2016-0087-USA,United States,2016,3.0,22.0,2016,3.0,25.0,Storm,300.0,0.0
160,2016-0124-USA,United States,2016,4.0,16.0,2016,4.0,19.0,Flood,21000.0,9.0
161,2016-0183-USA,United States,2016,5.0,27.0,2016,6.0,2.0,Flood,15.0,15.0
162,2016-0010-USA,United States,2016,1.0,23.0,2016,1.0,26.0,Storm,85000012.0,50.0
163,2016-0051-USA,United States,2016,2.0,22.0,2016,2.0,25.0,Storm,12.0,10.0
164,2016-0322-USA,United States,2016,9.0,1.0,2016,9.0,6.0,Storm,14070.0,3.0
165,2016-0521-USA,United States,2016,12.0,13.0,2016,12.0,19.0,Storm,22.0,22.0
166,2016-0355-USA,United States,2016,10.0,8.0,2016,10.0,12.0,Storm,49.0,49.0
167,2016-0493-USA,United States,2016,11.0,7.0,2016,11.0,7.0,Earthquake,120.0,0.0
168,2016-0264-USA,United States,2016,7.0,24.0,2016,8.0,1.0,Wildfire,420.0,2.0
169,2016-0292-USA,United States,2016,8.0,9.0,2016,8.0,16.0,Flood,70000.0,13.0
170,2017-0136-USA,United States,2017,4.0,28.0,2017,5.0,1.0,Flood,70.0,20.0
171,2017-0062-USA,United States,2017,2.0,8.0,2017,2.0,21.0,Storm,200000.0,5.0
172,2017-0362-USA,United States,2017,8.0,25.0,2017,8.0,29.0,Storm,582024.0,88.0
173,2017-0203-USA,United States,2017,5.0,9.0,2017,5.0,11.0,Storm,0.0,0.0
174,2017-0563-USA,United States,2017,3.0,6.0,2017,3.0,9.0,Storm,615.0,2.0
175,2017-0381-USA,United States,2017,9.0,10.0,2017,9.0,28.0,Storm,70000.0,97.0
176,2017-0022-USA,United States,2017,1.0,18.0,2017,1.0,23.0,Storm,200.0,24.0
177,2017-0410-USA,United States,2017,10.0,7.0,2017,10.0,8.0,Storm,60.0,0.0
178,2017-0252-USA,United States,2017,7.0,6.0,2017,7.0,10.0,Wildfire,156.0,0.0
179,2017-0434-USA,United States,2017,6.0,1.0,2017,12.0,31.0,Wildfire,9185.0,43.0
180,2017-0572-USA,United States,2017,11.0,20.0,2017,11.0,20.0,Industrial accident,125.0,1.0
181,2017-0511-USA,United States,2017,12.0,4.0,2017,12.0,31.0,Wildfire,2963.0,2.0
182,2018-0111-USA,United States,2018,3.0,1.0,2018,3.0,3.0,Storm,9.0,9.0
183,2018-0130-USA,United States,2018,4.0,14.0,2018,4.0,15.0,Flood,1596.0,0.0
184,2018-0146-USA,United States,2018,5.0,3.0,2018,5.0,30.0,Volcanic activity,2500.0,0.0
185,2018-0258-USA,United States,2018,7.0,27.0,2018,8.0,31.0,Wildfire,3237.0,14.0
186,2018-0344-USA,United States,2018,8.0,6.0,2018,8.0,7.0,Storm,18.0,0.0
187,2018-0457-USA,United States,2018,12.0,26.0,2018,12.0,28.0,Storm,2.0,2.0
188,2018-0342-USA,United States,2018,9.0,12.0,2018,9.0,18.0,Storm,1500000.0,53.0
189,2018-0010-USA,United States,2018,1.0,8.0,2018,1.0,14.0,Landslide,1366.0,21.0
190,2018-0373-USA,United States,2018,10.0,10.0,2018,10.0,11.0,Storm,5000.0,49.0
191,2018-0409-USA,United States,2018,6.0,1.0,2018,12.0,31.0,Wildfire,250000.0,88.0
192,2018-0468-USA,United States,2018,11.0,8.0,2018,11.0,21.0,Wildfire,3.0,2.0
193,2019-0090-USA,United States,2019,2.0,26.0,2019,3.0,4.0,Flood,8000.0,1.0
194,2019-0160-USA,United States,2019,4.0,13.0,2019,4.0,14.0,Storm,177.0,8.0
195,2019-0116-USA,United States,2019,3.0,14.0,2019,3.0,31.0,Flood,2000.0,5.0
196,2019-0007-USA,United States,2019,1.0,11.0,2019,1.0,15.0,Storm,57.0,13.0
197,2019-0250-USA,United States,2019,5.0,23.0,2019,5.0,31.0,Storm,150.0,3.0
198,2019-0624-USA,United States,2019,12.0,16.0,2019,12.0,18.0,Storm,18.0,18.0
199,2019-0593-USA,United States,2019,11.0,27.0,2019,12.0,3.0,Storm,10.0,10.0
200,2019-0417-USA,United States,2019,9.0,17.0,2019,9.0,21.0,Storm,1000.0,5.0
201,2019-0306-USA,United States,2019,7.0,5.0,2019,7.0,5.0,Earthquake,150.0,0.0
202,2019-0517-USA,United States,2019,10.0,26.0,2019,10.0,31.0,Wildfire,662.0,0.0
203,2019-0307-USA,United States,2019,6.0,6.0,2019,6.0,9.0,Flood,600.0,3.0
204,2020-0474-USA,United States,2020,11.0,8.0,2020,11.0,12.0,Storm,12.0,12.0
205,2020-0212-USA,United States,2020,5.0,17.0,2020,5.0,20.0,Flood,10000.0,1.0
206,2020-0148-USA,United States,2020,4.0,10.0,2020,4.0,14.0,Storm,200.0,38.0
207,2020-0011-USA,United States,2020,1.0,10.0,2020,1.0,12.0,Storm,10.0,10.0
208,2020-0412-USA,United States,2020,10.0,7.0,2020,10.0,11.0,Storm,9400.0,4.0
209,2020-0438-USA,United States,2020,9.0,11.0,2020,9.0,18.0,Storm,8.0,8.0
210,2020-0376-USA,United States,2020,8.0,27.0,2020,8.0,28.0,Storm,6500.0,33.0
211,2020-0082-USA,United States,2020,3.0,2.0,2020,3.0,5.0,Storm,12300.0,25.0
212,2020-0089-USA,United States,2020,2.0,10.0,2020,2.0,17.0,Flood,3000.0,0.0
213,2020-0219-USA,United States,2020,6.0,7.0,2020,6.0,7.0,Storm,1.0,1.0
214,2020-0312-USA,United States,2020,7.0,31.0,2020,8.0,2.0,Storm,16.0,16.0
215,2005-0006-MEX,Mexico,2005,1.0,5.0,2005,1.0,5.0,Transport accident,13.0,12.0
216,2005-0470-MEX,Mexico,2005,8.0,21.0,2005,8.0,30.0,Flood,10000.0,30.0
217,2005-0567-MEX,Mexico,2005,10.0,1.0,2005,10.0,13.0,Storm,1954571.0,36.0
218,2005-0283-MEX,Mexico,2005,5.0,5.0,2005,5.0,5.0,Flood,1000.0,8.0
219,2005-0524-MEX,Mexico,2005,6.0,29.0,2005,6.0,30.0,Storm,15000.0,2.0
220,2005-0601-MEX,Mexico,2005,9.0,26.0,2005,9.0,29.0,Flood,3000.0,3.0
221,2005-0382-MEX,Mexico,2005,7.0,18.0,2005,7.0,18.0,Storm,2.0,2.0
222,2005-0184-MEX,Mexico,2005,4.0,6.0,2005,4.0,6.0,Transport accident,15.0,20.0
223,2006-0505-MEX,Mexico,2006,9.0,16.0,2006,9.0,18.0,Storm,240700.0,4.0
224,2006-0604-MEX,Mexico,2006,10.0,25.0,2006,10.0,28.0,Storm,20000.0,4.0
225,2006-0413-MEX,Mexico,2006,7.0,27.0,2006,8.0,7.0,Flood,0.0,0.0
226,2006-0407-MEX,Mexico,2006,8.0,2.0,2006,8.0,2.0,Landslide,11.0,11.0
227,2006-0193-MEX,Mexico,2006,4.0,17.0,2006,4.0,17.0,Transport accident,3.0,57.0
228,2006-0691-MEX,Mexico,2006,12.0,28.0,2006,12.0,28.0,Transport accident,9.0,22.0
229,2006-0101-MEX,Mexico,2006,2.0,19.0,2006,2.0,19.0,Industrial accident,8.0,65.0
230,2007-0038-MEX,Mexico,2007,1.0,24.0,2007,1.0,24.0,Transport accident,25.0,29.0
231,2007-0521-MEX,Mexico,2007,10.0,28.0,2007,11.0,16.0,Flood,1600000.0,22.0
232,2007-0537-MEX,Mexico,2007,11.0,6.0,2007,11.0,6.0,Landslide,16.0,16.0
233,2007-0360-MEX,Mexico,2007,8.0,21.0,2007,8.0,24.0,Storm,140000.0,9.0
234,2007-0435-MEX,Mexico,2007,9.0,4.0,2007,9.0,12.0,Flood,55000.0,0.0
235,2007-0266-MEX,Mexico,2007,7.0,4.0,2007,7.0,4.0,Transport accident,32.0,32.0
236,2008-0304-MEX,Mexico,2008,7.0,20.0,2008,7.0,21.0,Storm,500000.0,2.0
237,2008-0433-MEX,Mexico,2008,9.0,17.0,2008,9.0,18.0,Landslide,22.0,22.0
238,2008-0158-MEX,Mexico,2008,4.0,18.0,2008,4.0,18.0,Transport accident,11.0,11.0
239,2008-0531-MEX,Mexico,2008,11.0,4.0,2008,11.0,4.0,Transport accident,7.0,15.0
240,2008-0198-MEX,Mexico,2008,5.0,19.0,2008,5.0,19.0,Transport accident,24.0,24.0
241,2008-0255-MEX,Mexico,2008,6.0,29.0,2008,6.0,29.0,Transport accident,28.0,14.0
242,2008-0494-MEX,Mexico,2008,10.0,18.0,2008,10.0,18.0,Transport accident,20.0,11.0
243,2009-0113-MEX,Mexico,2009,3.0,16.0,2009,3.0,16.0,Transport accident,18.0,11.0
244,2009-0151-MEX,Mexico,2009,4.0,16.0,2009,4.0,16.0,Transport accident,66.0,18.0
245,2009-0384-MEX,Mexico,2009,9.0,2.0,2009,9.0,3.0,Storm,72000.0,4.0
246,2009-0515-MEX,Mexico,2009,11.0,1.0,2009,11.0,12.0,Flood,107670.0,0.0
247,2009-0561-MEX,Mexico,2009,10.0,2.0,2009,10.0,2.0,Flood,13014.0,10.0
248,2009-0614-MEX,Mexico,2009,7.0,14.0,2009,7.0,16.0,Flood,11.0,11.0
249,2009-0216-MEX,Mexico,2009,6.0,5.0,2009,6.0,5.0,Miscellaneous accident,30.0,49.0
250,2010-0058-MEX,Mexico,2010,1.0,26.0,2010,2.0,13.0,Flood,20000.0,41.0
251,2010-0426-MEX,Mexico,2010,8.0,23.0,2010,8.0,24.0,Storm,154000.0,6.0
252,2010-0467-MEX,Mexico,2010,9.0,20.0,2010,9.0,20.0,Flood,1000000.0,25.0
253,2010-0260-MEX,Mexico,2010,6.0,30.0,2010,7.0,7.0,Storm,170000.0,22.0
254,2010-0158-MEX,Mexico,2010,4.0,4.0,2010,4.0,4.0,Earthquake,25232.0,2.0
255,2010-0540-MEX,Mexico,2010,10.0,18.0,2010,10.0,18.0,Transport accident,18.0,18.0
256,2010-0603-MEX,Mexico,2010,11.0,6.0,2010,11.0,6.0,Transport accident,21.0,21.0
257,2010-0634-MEX,Mexico,2010,12.0,19.0,2010,12.0,19.0,Industrial accident,52.0,27.0
258,2011-0241-MEX,Mexico,2011,6.0,30.0,2011,7.0,1.0,Storm,300000.0,22.0
259,2011-0267-MEX,Mexico,2011,7.0,20.0,2011,7.0,20.0,Storm,200000.0,3.0
260,2011-0105-MEX,Mexico,2011,2.0,1.0,2011,2.0,8.0,Extreme temperature,120000.0,3.0
261,2011-0163-MEX,Mexico,2011,5.0,3.0,2011,5.0,3.0,Industrial accident,14.0,14.0
262,2011-0460-MEX,Mexico,2011,9.0,9.0,2011,9.0,9.0,Storm,10.0,10.0
263,2011-0512-MEX,Mexico,2011,12.0,11.0,2011,12.0,11.0,Earthquake,152.0,2.0
264,2011-0392-MEX,Mexico,2011,10.0,20.0,2011,10.0,20.0,Flood,250000.0,0.0
265,2011-0633-MEX,Mexico,2011,8.0,23.0,2011,9.0,7.0,Flood,40000.0,74.0
266,2012-0124-MEX,Mexico,2012,3.0,20.0,2012,3.0,20.0,Earthquake,49011.0,2.0
267,2012-0276-MEX,Mexico,2012,8.0,10.0,2012,8.0,10.0,Storm,12.0,12.0
268,2012-0401-MEX,Mexico,2012,6.0,15.0,2012,6.0,15.0,Storm,87000.0,7.0
269,2012-0099-MEX,Mexico,2012,4.0,20.0,2012,4.0,20.0,Transport accident,20.0,43.0
270,2012-0381-MEX,Mexico,2012,9.0,19.0,2012,9.0,19.0,Industrial accident,26.0,32.0
271,2013-0335-MEX,Mexico,2013,8.0,25.0,2013,8.0,26.0,Storm,5000.0,14.0
272,2013-0358-MEX,Mexico,2013,9.0,13.0,2013,9.0,20.0,Storm,105000.0,169.0
273,2013-0188-MEX,Mexico,2013,5.0,29.0,2013,5.0,29.0,Storm,12000.0,4.0
274,2013-0479-MEX,Mexico,2013,10.0,4.0,2013,10.0,4.0,Transport accident,25.0,12.0
275,2013-0052-MEX,Mexico,2013,1.0,31.0,2013,1.0,31.0,Industrial accident,100.0,37.0
276,2013-0103-MEX,Mexico,2013,3.0,15.0,2013,3.0,15.0,Miscellaneous accident,80.0,17.0
277,2014-0183-MEX,Mexico,2014,5.0,30.0,2014,6.0,6.0,Storm,0.0,0.0
278,2014-0333-MEX,Mexico,2014,9.0,10.0,2014,9.0,17.0,Storm,75135.0,6.0
279,2014-0417-MEX,Mexico,2014,10.0,18.0,2014,10.0,20.0,Storm,30000.0,6.0
280,2014-0325-MEX,Mexico,2014,8.0,22.0,2014,9.0,2.0,Storm,30000.0,3.0
281,2014-0127-MEX,Mexico,2014,4.0,18.0,2014,4.0,18.0,Earthquake,381.0,0.0
282,2014-0234-MEX,Mexico,2014,7.0,7.0,2014,7.0,7.0,Earthquake,27000.0,3.0
283,2015-0470-MEX,Mexico,2015,10.0,22.0,2015,10.0,28.0,Storm,15000.0,14.0
284,2015-0187-MEX,Mexico,2015,5.0,25.0,2015,5.0,26.0,Storm,2320.0,14.0
285,2015-0382-MEX,Mexico,2015,3.0,13.0,2015,3.0,23.0,Flood,3000.0,0.0
286,2015-0018-MEX,Mexico,2015,1.0,27.0,2015,1.0,27.0,Transport accident,20.0,16.0
287,2015-0305-MEX,Mexico,2015,7.0,29.0,2015,7.0,29.0,Transport accident,100.0,27.0
288,2015-0517-MEX,Mexico,2015,11.0,22.0,2015,11.0,22.0,Transport accident,10.0,23.0
289,2015-0553-MEX,Mexico,2015,12.0,19.0,2015,12.0,19.0,Transport accident,30.0,15.0
290,2015-0041-MEX,Mexico,2015,2.0,13.0,2015,2.0,13.0,Transport accident,31.0,20.0
291,2016-0015-MEX,Mexico,2016,1.0,11.0,2016,1.0,11.0,Transport accident,21.0,21.0
292,2016-0144-MEX,Mexico,2016,4.0,21.0,2016,4.0,21.0,Industrial accident,100.0,32.0
293,2016-0284-MEX,Mexico,2016,8.0,6.0,2016,8.0,7.0,Storm,11000.0,54.0
294,2016-0424-MEX,Mexico,2016,11.0,3.0,2016,11.0,10.0,Flood,35000.0,2.0
295,2016-0319-MEX,Mexico,2016,9.0,6.0,2016,9.0,7.0,Storm,10500.0,11.0
296,2016-0532-MEX,Mexico,2016,2.0,3.0,2016,2.0,6.0,Flood,3000.0,2.0
297,2016-0501-MEX,Mexico,2016,12.0,20.0,2016,12.0,20.0,Miscellaneous accident,72.0,42.0
298,2017-0382-MEX,Mexico,2017,9.0,8.0,2017,9.0,8.0,Earthquake,1200250.0,98.0
299,2017-0168-MEX,Mexico,2017,6.0,1.0,2017,6.0,3.0,Storm,600.0,6.0
300,2017-0376-MEX,Mexico,2017,8.0,30.0,2017,9.0,2.0,Storm,1000.0,20.0
301,2017-0100-MEX,Mexico,2017,4.0,13.0,2017,4.0,13.0,Transport accident,9.0,24.0
302,2017-0210-MEX,Mexico,2017,5.0,21.0,2017,5.0,21.0,Transport accident,31.0,17.0
303,2017-0518-MEX,Mexico,2017,12.0,12.0,2017,12.0,12.0,Transport accident,12.0,11.0
304,2018-0315-MEX,Mexico,2018,2.0,16.0,2018,2.0,16.0,Earthquake,3004.0,0.0
305,2018-0367-MEX,Mexico,2018,9.0,20.0,2018,9.0,23.0,Flood,120.0,20.0
306,2018-0406-MEX,Mexico,2018,10.0,23.0,2018,10.0,23.0,Storm,10000.0,6.0
307,2018-0228-MEX,Mexico,2018,7.0,20.0,2018,7.0,20.0,Transport accident,13.0,13.0
308,2019-0103-MEX,Mexico,2019,3.0,7.0,2019,3.0,7.0,Transport accident,33.0,23.0
309,2019-0019-MEX,Mexico,2019,1.0,18.0,2019,1.0,18.0,Industrial accident,22.0,125.0
310,2019-0225-MEX,Mexico,2019,6.0,2.0,2019,6.0,6.0,Flood,3000.0,7.0
311,2019-0450-MEX,Mexico,2019,9.0,30.0,2019,9.0,30.0,Storm,1000.0,2.0
312,2019-0240-MEX,Mexico,2019,5.0,29.0,2019,5.0,29.0,Transport accident,30.0,21.0
313,2019-0628-MEX,Mexico,2019,12.0,18.0,2019,12.0,18.0,Transport accident,12.0,14.0
314,2019-0596-MEX,Mexico,2019,11.0,27.0,2019,12.0,4.0,Flood,500.0,3.0
315,2020-0353-MEX,Mexico,2020,8.0,8.0,2020,8.0,10.0,Flood,5100.0,3.0
316,2020-0506-MEX,Mexico,2020,11.0,9.0,2020,11.0,10.0,Flood,90000.0,27.0
317,2020-0316-MEX,Mexico,2020,7.0,25.0,2020,7.0,26.0,Storm,5.0,5.0
318,2020-0281-MEX,Mexico,2020,6.0,23.0,2020,6.0,23.0,Earthquake,24393.0,10.0
319,2020-0416-MEX,Mexico,2020,10.0,2.0,2020,10.0,6.0,Storm,3500.0,6.0
320,2005-0090-IND,India,2005,2.0,15.0,2005,2.0,21.0,Landslide,5000.0,250.0
321,2005-0043-IND,India,2005,1.0,25.0,2005,1.0,25.0,Miscellaneous accident,200.0,250.0
322,2005-0409-IND,India,2005,7.0,24.0,2005,8.0,5.0,Flood,20000055.0,1200.0
323,2005-0191-IND,India,2005,3.0,23.0,2005,3.0,24.0,Storm,7550.0,18.0
324,2005-0471-IND,India,2005,8.0,26.0,2005,8.0,28.0,Flood,800000.0,27.0
325,2005-0541-IND,India,2005,9.0,14.0,2005,9.0,20.0,Flood,550000.0,89.0
326,2005-0335-IND,India,2005,6.0,28.0,2005,7.0,15.0,Flood,405000.0,239.0
327,2005-0599-IND,India,2005,10.0,21.0,2005,10.0,24.0,Flood,2250000.0,19.0
328,2005-0677-IND,India,2005,12.0,2.0,2005,12.0,3.0,Flood,200000.0,30.0
329,2005-0268-IND,India,2005,5.0,18.0,2005,6.0,21.0,Epidemic,405.0,48.0
330,2005-0208-IND,India,2005,4.0,21.0,2005,4.0,21.0,Transport accident,150.0,17.0
331,2006-0417-IND,India,2006,7.0,28.0,2006,9.0,12.0,Flood,4000065.0,350.0
332,2006-0510-IND,India,2006,9.0,18.0,2006,10.0,5.0,Storm,150300.0,114.0
333,2006-0262-IND,India,2006,5.0,31.0,2006,7.0,24.0,Flood,504000.0,21.0
334,2006-0342-IND,India,2006,6.0,24.0,2006,6.0,27.0,Flood,300000.0,130.0
335,2006-0601-IND,India,2006,10.0,26.0,2006,11.0,4.0,Flood,225000.0,47.0
336,2006-0712-IND,India,2006,8.0,1.0,2006,9.0,10.0,Flood,2000000.0,185.0
337,2006-0731-IND,India,2006,3.0,9.0,2006,3.0,10.0,Flood,113.0,61.0
338,2006-0006-IND,India,2006,1.0,4.0,2006,1.0,4.0,Transport accident,16.0,14.0
339,2006-0657-IND,India,2006,12.0,2.0,2006,12.0,2.0,Miscellaneous accident,18.0,33.0
340,2006-0748-IND,India,2006,4.0,3.0,2006,4.0,3.0,Miscellaneous accident,3012.0,6.0
341,2007-0046-IND,India,2007,2.0,1.0,2007,2.0,1.0,Transport accident,14.0,12.0
342,2007-0017-IND,India,2007,1.0,18.0,2007,1.0,18.0,Transport accident,64.0,64.0
343,2007-0250-IND,India,2007,6.0,22.0,2007,7.0,4.0,Flood,200000.0,127.0
344,2007-0467-IND,India,2007,9.0,22.0,2007,10.0,3.0,Flood,7200000.0,80.0
345,2007-0320-IND,India,2007,7.0,3.0,2007,9.0,22.0,Flood,18700000.0,1103.0
346,2007-0524-IND,India,2007,10.0,27.0,2007,11.0,1.0,Flood,50000.0,29.0
347,2007-0596-IND,India,2007,8.0,3.0,2007,8.0,27.0,Flood,500000.0,15.0
348,2007-0120-IND,India,2007,3.0,12.0,2007,3.0,12.0,Transport accident,28.0,18.0
349,2007-0226-IND,India,2007,5.0,14.0,2007,5.0,14.0,Transport accident,22.0,22.0
350,2007-0643-IND,India,2007,12.0,14.0,2007,12.0,14.0,Transport accident,18.0,18.0
351,2008-0246-IND,India,2008,6.0,11.0,2008,7.0,21.0,Flood,7900000.0,1063.0
352,2008-0423-IND,India,2008,9.0,14.0,2008,9.0,21.0,Flood,2400000.0,173.0
353,2008-0486-IND,India,2008,8.0,30.0,2008,9.0,8.0,Flood,2600000.0,47.0
354,2008-0560-IND,India,2008,11.0,27.0,2008,12.0,4.0,Flood,803740.0,54.0
355,2008-0615-IND,India,2008,7.0,20.0,2008,8.0,8.0,Flood,225000.0,142.0
356,2008-0062-IND,India,2008,2.0,8.0,2008,2.0,8.0,Landslide,37.0,37.0
357,2008-0161-IND,India,2008,4.0,16.0,2008,4.0,16.0,Transport accident,44.0,44.0
358,2008-0214-IND,India,2008,5.0,29.0,2008,5.0,29.0,Transport accident,60.0,40.0
359,2009-0130-IND,India,2009,3.0,31.0,2009,3.0,31.0,Storm,9050.0,15.0
360,2007-0726-IND,India,2007,11.0,1.0,2007,11.0,1.0,Industrial accident,11.0,11.0
361,2007-0696-IND,India,2007,4.0,22.0,2007,4.0,22.0,Miscellaneous accident,100.0,0.0
362,2008-0491-IND,India,2008,10.0,13.0,2008,10.0,14.0,Transport accident,23.0,23.0
363,2008-0562-IND,India,2008,12.0,10.0,2008,12.0,10.0,Transport accident,63.0,63.0
364,2008-0130-IND,India,2008,3.0,20.0,2008,3.0,28.0,Flood,10278.0,37.0
365,2009-0072-IND,India,2009,2.0,14.0,2009,2.0,14.0,Transport accident,200.0,16.0
366,2009-0204-IND,India,2009,5.0,25.0,2009,5.0,25.0,Storm,5100000.0,96.0
367,2009-0641-IND,India,2009,6.0,7.0,2009,6.0,7.0,Storm,20.0,20.0
368,2009-0303-IND,India,2009,7.0,29.0,2009,7.0,29.0,Flood,11.0,11.0
369,2009-0429-IND,India,2009,9.0,25.0,2009,10.0,12.0,Flood,4100000.0,355.0
370,2009-0638-IND,India,2009,8.0,26.0,2009,8.0,28.0,Flood,52.0,52.0
371,2009-0595-IND,India,2010,1.0,2.0,2010,1.0,13.0,Extreme temperature,100.0,100.0
372,2009-0175-IND,India,2009,4.0,14.0,2009,6.0,26.0,Extreme temperature,25.0,120.0
373,2009-0504-IND,India,2009,10.0,29.0,2009,10.0,29.0,Industrial accident,2135.0,11.0
374,2010-0373-IND,India,2010,8.0,6.0,2010,8.0,8.0,Flood,12725.0,196.0
375,2010-0492-IND,India,2010,9.0,18.0,2010,9.0,30.0,Flood,3267183.0,200.0
376,2010-0276-IND,India,2010,7.0,5.0,2010,7.0,15.0,Flood,400000.0,53.0
377,2010-0283-IND,India,2010,5.0,18.0,2010,5.0,24.0,Flood,50000.0,27.0
378,2010-0629-IND,India,2010,11.0,15.0,2010,12.0,7.0,Flood,203.0,203.0
379,2010-0052-IND,India,2010,2.0,8.0,2010,2.0,8.0,Landslide,17.0,17.0
380,2010-0171-IND,India,2010,4.0,13.0,2010,4.0,14.0,Storm,500000.0,114.0
381,2010-0257-IND,India,2010,6.0,26.0,2010,6.0,26.0,Transport accident,50.0,24.0
382,2010-0568-IND,India,2010,10.0,30.0,2010,10.0,30.0,Transport accident,50.0,50.0
383,2010-0096-IND,India,2010,3.0,4.0,2010,3.0,4.0,Miscellaneous accident,125.0,63.0
384,2011-0176-IND,India,2011,5.0,20.0,2011,5.0,20.0,Storm,50.0,42.0
385,2011-0007-IND,India,2011,1.0,1.0,2011,1.0,18.0,Extreme temperature,80.0,80.0
386,2011-0593-IND,India,2011,4.0,15.0,2011,4.0,15.0,Storm,17.0,17.0
387,2011-0371-IND,India,2011,9.0,23.0,2011,10.0,23.0,Flood,3443989.0,239.0
388,2011-0424-IND,India,2011,8.0,15.0,2011,10.0,2.0,Flood,5549080.0,204.0
389,2011-0428-IND,India,2011,7.0,23.0,2011,8.0,9.0,Flood,200000.0,19.0
390,2011-0647-IND,India,2011,6.0,15.0,2011,7.0,16.0,Flood,50.0,50.0
391,2011-0566-IND,India,2011,12.0,29.0,2011,12.0,30.0,Storm,250000.0,47.0
392,2012-0425-IND,India,2012,11.0,4.0,2012,11.0,8.0,Storm,70000.0,40.0
393,2012-0179-IND,India,2012,6.0,26.0,2012,7.0,13.0,Flood,2200000.0,120.0
394,2012-0382-IND,India,2012,9.0,19.0,2012,9.0,23.0,Flood,2000000.0,21.0
395,2012-0584-IND,India,2012,8.0,21.0,2012,8.0,23.0,Flood,9460.0,26.0
396,2012-0049-IND,India,2012,2.0,23.0,2012,2.0,23.0,Mass movement (dry),16.0,16.0
397,2012-0015-IND,India,2012,1.0,15.0,2012,1.0,17.0,Extreme temperature,15.0,15.0
398,2012-0538-IND,India,2012,12.0,22.0,2013,1.0,20.0,Extreme temperature,249.0,249.0
399,2013-0401-IND,India,2013,10.0,12.0,2013,10.0,14.0,Storm,13230000.0,47.0
400,2013-0140-IND,India,2013,5.0,1.0,2013,5.0,1.0,Earthquake,59350.0,3.0
401,2013-0260-IND,India,2013,7.0,9.0,2013,7.0,10.0,Flood,500000.0,174.0
402,2013-0345-IND,India,2013,8.0,22.0,2013,8.0,27.0,Flood,40000.0,73.0
403,2013-0208-IND,India,2013,4.0,1.0,2013,5.0,30.0,Extreme temperature,557.0,557.0
404,2011-0401-IND,India,2011,10.0,22.0,2011,10.0,23.0,Miscellaneous accident,32.0,32.0
405,2011-0474-IND,India,2011,11.0,8.0,2011,11.0,8.0,Miscellaneous accident,46.0,16.0
406,2011-0500-IND,India,2011,3.0,19.0,2011,3.0,19.0,Miscellaneous accident,10.0,15.0
407,2012-0263-IND,India,2012,7.0,30.0,2012,7.0,30.0,Transport accident,29.0,29.0
408,2012-0246-IND,India,2012,4.0,30.0,2012,4.0,30.0,Transport accident,150.0,205.0
409,2012-0153-IND,India,2012,5.0,22.0,2012,5.0,22.0,Transport accident,30.0,14.0
410,2013-0115-IND,India,2013,3.0,19.0,2013,3.0,19.0,Transport accident,32.0,32.0
411,2013-0474-IND,India,2013,11.0,25.0,2013,11.0,25.0,Transport accident,20.0,12.0
412,2013-0537-IND,India,2013,12.0,28.0,2013,12.0,28.0,Transport accident,12.0,26.0
413,2013-0135-IND,India,2013,2.0,4.0,2013,2.0,4.0,Miscellaneous accident,69.0,72.0
414,2013-0282-IND,India,2013,6.0,23.0,2013,7.0,15.0,Flood,2000000.0,80.0
415,2013-0584-IND,India,2013,9.0,27.0,2013,9.0,27.0,Miscellaneous accident,32.0,61.0
416,2014-0106-IND,India,2014,3.0,10.0,2014,3.0,12.0,Storm,9610.0,17.0
417,2014-0523-IND,India,2014,12.0,17.0,2014,12.0,18.0,Extreme temperature,140.0,140.0
418,2014-0218-IND,India,2014,6.0,26.0,2014,6.0,28.0,Flood,18500.0,27.0
419,2014-0391-IND,India,2014,9.0,24.0,2014,10.0,11.0,Flood,650000.0,95.0
420,2014-0392-IND,India,2014,10.0,12.0,2014,10.0,12.0,Storm,920000.0,53.0
421,2014-0409-IND,India,2014,8.0,9.0,2014,8.0,16.0,Flood,3600000.0,47.0
422,2014-0270-IND,India,2014,7.0,30.0,2014,7.0,30.0,Landslide,200.0,151.0
423,2014-0538-IND,India,2014,4.0,17.0,2014,4.0,20.0,Storm,27.0,27.0
424,2014-0155-IND,India,2014,5.0,4.0,2014,5.0,4.0,Transport accident,124.0,18.0
425,2014-0024-IND,India,2014,1.0,18.0,2014,1.0,18.0,Miscellaneous accident,56.0,18.0
426,2015-0590-IND,India,2015,12.0,7.0,2015,12.0,7.0,Miscellaneous accident,3011.0,2.0
427,2015-0107-IND,India,2015,3.0,20.0,2015,3.0,31.0,Flood,2122.0,44.0
428,2015-0317-IND,India,2015,7.0,15.0,2015,8.0,19.0,Flood,13709887.0,293.0
429,2015-0164-IND,India,2015,4.0,21.0,2015,4.0,21.0,Storm,125100.0,100.0
430,2015-0604-IND,India,2015,10.0,3.0,2015,10.0,4.0,Storm,29.0,29.0
431,2015-0249-IND,India,2015,6.0,19.0,2015,6.0,20.0,Flood,9000.0,81.0
432,2015-0189-IND,India,2015,5.0,20.0,2015,5.0,31.0,Extreme temperature,2248.0,2248.0
433,2015-0419-IND,India,2015,9.0,13.0,2015,9.0,13.0,Miscellaneous accident,60.0,104.0
434,2015-0406-IND,India,2015,8.0,28.0,2015,8.0,30.0,Flood,787000.0,18.0
435,2015-0504-IND,India,2015,11.0,8.0,2015,12.0,4.0,Flood,1801000.0,325.0
436,2016-0139-IND,India,2016,4.0,22.0,2016,4.0,25.0,Flood,100000.0,18.0
437,2016-0002-IND,India,2016,1.0,3.0,2016,1.0,3.0,Earthquake,10808.0,8.0
438,2016-0158-IND,India,2016,2.0,5.0,2016,2.0,5.0,Transport accident,24.0,37.0
439,2016-0159-IND,India,2016,5.0,4.0,2016,5.0,4.0,Transport accident,53.0,13.0
440,2016-0102-IND,India,2016,3.0,31.0,2016,3.0,31.0,Miscellaneous accident,100.0,25.0
441,2016-0485-IND,India,2016,12.0,12.0,2016,12.0,14.0,Storm,24.0,24.0
442,2016-0237-IND,India,2016,6.0,20.0,2016,6.0,21.0,Storm,93.0,93.0
443,2016-0267-IND,India,2016,7.0,28.0,2016,7.0,30.0,Flood,2000000.0,50.0
444,2016-0434-IND,India,2016,11.0,20.0,2016,11.0,20.0,Transport accident,260.0,150.0
445,2016-0403-IND,India,2016,10.0,17.0,2016,10.0,17.0,Miscellaneous accident,100.0,21.0
446,2016-0304-IND,India,2016,8.0,1.0,2016,8.0,3.0,Flood,3000.0,37.0
447,2016-0391-IND,India,2016,9.0,21.0,2016,9.0,29.0,Flood,3000.0,28.0
448,2017-0152-IND,India,2017,5.0,30.0,2017,5.0,31.0,Storm,1970.0,0.0
449,2017-0508-IND,India,2017,12.0,2.0,2017,12.0,2.0,Storm,60000.0,884.0
450,2017-0570-IND,India,2017,3.0,25.0,2017,3.0,25.0,Storm,60020.0,4.0
451,2017-0495-IND,India,2017,10.0,30.0,2017,11.0,8.0,Flood,4000.0,21.0
452,2017-0289-IND,India,2017,6.0,25.0,2017,7.0,24.0,Flood,1735000.0,75.0
453,2017-0144-IND,India,2017,4.0,12.0,2017,6.0,15.0,Extreme temperature,264.0,264.0
454,2017-0023-IND,India,2017,1.0,21.0,2017,1.0,21.0,Transport accident,68.0,41.0
455,2017-0425-IND,India,2017,11.0,1.0,2017,11.0,1.0,Industrial accident,100.0,32.0
456,2017-0295-IND,India,2017,7.0,25.0,2017,7.0,25.0,Miscellaneous accident,28.0,17.0
457,2017-0397-IND,India,2017,9.0,29.0,2017,9.0,29.0,Miscellaneous accident,30.0,23.0
458,2017-0342-IND,India,2017,8.0,11.0,2017,8.0,31.0,Flood,17200000.0,514.0
459,2018-0295-IND,India,2018,8.0,7.0,2018,8.0,20.0,Flood,23220000.0,504.0
460,2018-0202-IND,India,2018,6.0,8.0,2018,6.0,12.0,Storm,61.0,61.0
461,2018-0385-IND,India,2018,10.0,11.0,2018,10.0,12.0,Storm,300200.0,85.0
462,2018-0049-IND,India,2018,1.0,1.0,2018,2.0,7.0,Extreme temperature,44.0,44.0
463,2018-0138-IND,India,2018,4.0,17.0,2018,4.0,17.0,Storm,22050.0,18.0
464,2018-0209-IND,India,2018,5.0,6.0,2018,5.0,9.0,Storm,21000.0,32.0
465,2018-0431-IND,India,2018,11.0,16.0,2018,11.0,16.0,Storm,500000.0,45.0
466,2018-0473-IND,India,2018,12.0,17.0,2018,12.0,19.0,Storm,10000.0,8.0
467,2018-0078-IND,India,2018,3.0,6.0,2018,3.0,6.0,Transport accident,30.0,30.0
468,2018-0036-IND,India,2018,2.0,16.0,2018,2.0,16.0,Miscellaneous accident,5.0,18.0
469,2018-0286-IND,India,2018,7.0,20.0,2018,7.0,23.0,Flood,41430.0,20.0
470,2018-0370-IND,India,2018,9.0,1.0,2018,10.0,6.0,Flood,3050.0,46.0
471,2019-0155-IND,India,2019,4.0,16.0,2019,4.0,17.0,Storm,50.0,50.0
472,2019-0164-IND,India,2019,5.0,3.0,2019,5.0,3.0,Storm,20000000.0,50.0
473,2019-0068-IND,India,2019,2.0,12.0,2019,2.0,12.0,Miscellaneous accident,17.0,17.0
474,2019-0331-IND,India,2019,7.0,14.0,2019,9.0,30.0,Flood,3000000.0,1900.0
475,2019-0499-IND,India,2019,10.0,19.0,2019,10.0,23.0,Flood,27500.0,12.0
476,2019-0288-IND,India,2019,6.0,28.0,2019,7.0,4.0,Flood,60.0,52.0
477,2019-0550-IND,India,2019,11.0,9.0,2019,11.0,10.0,Storm,130000.0,12.0
478,2019-0218-IND,India,2019,1.0,1.0,2019,6.0,17.0,Epidemic,418.0,121.0
479,2019-0438-IND,India,2019,9.0,15.0,2019,9.0,15.0,Transport accident,47.0,47.0
480,2019-0383-IND,India,2019,8.0,12.0,2019,8.0,15.0,Flood,17500.0,32.0
481,2019-0603-IND,India,2019,12.0,8.0,2019,12.0,8.0,Industrial accident,16.0,43.0
482,2020-0524-IND,India,2020,11.0,25.0,2020,11.0,26.0,Storm,14.0,14.0
483,2020-0211-IND,India,2020,5.0,20.0,2020,5.0,20.0,Storm,18000000.0,90.0
484,2020-0217-IND,India,2020,6.0,3.0,2020,6.0,3.0,Storm,7500.0,6.0
485,2020-0335-IND,India,2020,8.0,7.0,2020,8.0,7.0,Transport accident,120.0,18.0
486,2020-0038-IND,India,2020,1.0,28.0,2020,1.0,29.0,Transport accident,32.0,26.0
487,2020-0435-IND,India,2020,9.0,21.0,2020,9.0,21.0,Miscellaneous accident,44.0,44.0
488,2020-0446-IND,India,2020,10.0,1.0,2020,10.0,26.0,Flood,150000.0,152.0
489,2005-0123-CHN,China,2005,3.0,3.0,2005,3.0,12.0,Storm,8000000.0,36.0
490,2005-0002-CHN,China,2005,1.0,3.0,2005,1.0,3.0,Transport accident,41.0,54.0
491,2005-0145-CHN,China,2005,2.0,28.0,2005,2.0,28.0,Storm,2481.0,1.0
492,2005-0188-CHN,China,2005,4.0,8.0,2005,4.0,8.0,Storm,458855.0,19.0
493,2005-0492-CHN,China,2005,9.0,1.0,2005,9.0,1.0,Storm,19624000.0,159.0
494,2005-0565-CHN,China,2005,10.0,2.0,2005,10.0,2.0,Storm,2460000.0,95.0
495,2005-0344-CHN,China,2005,6.0,19.0,2005,6.0,30.0,Flood,16700000.0,235.0
496,2005-0312-CHN,China,2005,5.0,31.0,2005,5.0,31.0,Storm,90000.0,0.0
497,2005-0651-CHN,China,2005,11.0,26.0,2005,11.0,26.0,Earthquake,615500.0,16.0
498,2005-0475-CHN,China,2005,8.0,13.0,2005,8.0,20.0,Flood,188046.0,52.0
499,2005-0751-CHN,China,2005,7.0,1.0,2005,8.0,12.0,Flood,1270000.0,5.0
500,2005-0679-CHN,China,2005,12.0,7.0,2005,12.0,7.0,Industrial accident,106.0,106.0
501,2006-0362-CHN,China,2006,7.0,16.0,2006,7.0,19.0,Storm,29622000.0,820.0
502,2006-0300-CHN,China,2006,6.0,8.0,2006,6.0,15.0,Flood,4600024.0,21.0
503,2006-0567-CHN,China,2006,10.0,6.0,2006,10.0,12.0,Flood,20004.0,27.0
504,2006-0410-CHN,China,2006,8.0,3.0,2006,8.0,6.0,Storm,10000000.0,89.0
505,2006-0008-CHN,China,2006,1.0,6.0,2006,1.0,14.0,Storm,105000.0,0.0
506,2006-9741-CHN,China,2006,5.0,1.0,2006,9.0,10.0,Drought,18000000.0,134.0
507,2006-0620-CHN,China,2006,11.0,3.0,2006,11.0,3.0,Earthquake,12000.0,0.0
508,2006-0250-CHN,China,2006,4.0,21.0,2006,5.0,15.0,Flood,36900.0,22.0
509,2006-0050-CHN,China,2006,2.0,2.0,2006,2.0,2.0,Industrial accident,53.0,23.0
510,2006-0708-CHN,China,2006,12.0,14.0,2006,12.0,14.0,Industrial accident,12.0,12.0
511,2006-0138-CHN,China,2006,3.0,18.0,2006,3.0,18.0,Industrial accident,28.0,28.0
512,2007-0052-CHN,China,2007,2.0,3.0,2007,2.0,4.0,Miscellaneous accident,6.0,15.0
513,2007-0172-CHN,China,2007,5.0,24.0,2007,5.0,26.0,Flood,2300050.0,43.0
514,2007-0313-CHN,China,2007,7.0,18.0,2007,8.0,3.0,Flood,386000.0,170.0
515,2007-0137-CHN,China,2007,4.0,1.0,2007,4.0,1.0,Storm,1000000.0,13.0
516,2007-0380-CHN,China,2007,8.0,18.0,2007,8.0,21.0,Storm,8000000.0,39.0
517,2007-0166-CHN,China,2007,6.0,1.0,2007,6.0,6.0,Flood,250000.0,0.0
518,2007-0123-CHN,China,2007,3.0,28.0,2007,3.0,28.0,Industrial accident,80.0,26.0
519,2007-0506-CHN,China,2007,10.0,13.0,2007,10.0,13.0,Industrial accident,19.0,19.0
520,2007-0546-CHN,China,2007,11.0,8.0,2007,11.0,8.0,Industrial accident,59.0,35.0
521,2007-0717-CHN,China,2007,1.0,30.0,2007,1.0,30.0,Industrial accident,127.0,1.0
522,2007-0451-CHN,China,2007,9.0,19.0,2007,9.0,19.0,Industrial accident,18.0,18.0
523,2007-0630-CHN,China,2007,12.0,12.0,2007,12.0,12.0,Miscellaneous accident,202.0,21.0
524,2008-0155-CHN,China,2008,4.0,19.0,2008,4.0,19.0,Storm,274000.0,25.0
525,2008-0192-CHN,China,2008,5.0,12.0,2008,5.0,12.0,Earthquake,45976596.0,87476.0
526,2008-0243-CHN,China,2008,6.0,7.0,2008,6.0,22.0,Flood,1600000.0,176.0
527,2008-0507-CHN,China,2008,10.0,31.0,2008,11.0,4.0,Flood,411000.0,67.0
528,2008-0020-CHN,China,2008,1.0,10.0,2008,2.0,5.0,Extreme temperature,77000000.0,129.0
529,2008-0073-CHN,China,2008,2.0,14.0,2008,2.0,18.0,Extreme temperature,16.0,16.0
530,2008-0374-CHN,China,2008,8.0,30.0,2008,8.0,30.0,Earthquake,1000589.0,40.0
531,2008-0588-CHN,China,2008,12.0,25.0,2008,12.0,25.0,Earthquake,27169.0,0.0
532,2008-0598-CHN,China,2008,7.0,7.0,2008,7.0,7.0,Flood,3000000.0,19.0
533,2008-0534-CHN,China,2008,11.0,15.0,2008,11.0,15.0,Transport accident,39.0,11.0
534,2008-0429-CHN,China,2008,9.0,21.0,2008,9.0,21.0,Industrial accident,71.0,19.0
535,2009-0059-CHN,China,2009,1.0,25.0,2009,1.0,25.0,Earthquake,4549.0,0.0
536,2009-0122-CHN,China,2009,3.0,27.0,2009,3.0,27.0,Transport accident,11.0,20.0
537,2009-0080-CHN,China,2009,2.0,22.0,2009,2.0,22.0,Industrial accident,73.0,73.0
538,2009-0321-CHN,China,2009,8.0,9.0,2009,8.0,10.0,Storm,11000004.0,8.0
539,2009-0292-CHN,China,2009,7.0,1.0,2009,7.0,8.0,Flood,39372000.0,90.0
540,2009-0399-CHN,China,2009,9.0,14.0,2009,9.0,14.0,Storm,1000058.0,13.0
541,2009-0487-CHN,China,2009,11.0,9.0,2009,11.0,12.0,Storm,10000096.0,41.0
542,2009-0219-CHN,China,2009,4.0,1.0,2009,6.0,8.0,Flood,5630000.0,49.0
543,2009-0235-CHN,China,2009,6.0,19.0,2009,6.0,22.0,Flood,106000.0,11.0
544,2009-0431-CHN,China,2009,10.0,2.0,2009,10.0,2.0,Transport accident,54.0,17.0
545,2009-0213-CHN,China,2009,5.0,30.0,2009,5.0,30.0,Industrial accident,145.0,30.0
546,2009-0584-CHN,China,2009,12.0,27.0,2009,12.0,27.0,Industrial accident,12.0,12.0
547,2010-0484-CHN,China,2010,9.0,20.0,2010,9.0,20.0,Storm,1000000.0,75.0
548,2010-0036-CHN,China,2010,1.0,1.0,2010,1.0,27.0,Storm,1881100.0,30.0
549,2010-0239-CHN,China,2010,5.0,29.0,2010,8.0,31.0,Flood,134000000.0,1691.0
550,2010-0087-CHN,China,2010,2.0,25.0,2010,2.0,25.0,Earthquake,50011.0,0.0
551,2010-0169-CHN,China,2010,4.0,14.0,2010,4.0,14.0,Earthquake,112000.0,2968.0
552,2010-0415-CHN,China,2010,8.0,21.0,2010,8.0,21.0,Flood,64136.0,5.0
553,2010-0530-CHN,China,2010,10.0,6.0,2010,10.0,6.0,Flood,130000.0,4.0
554,2010-0262-CHN,China,2010,6.0,28.0,2010,6.0,28.0,Landslide,99.0,99.0
555,2010-0682-CHN,China,2010,3.0,10.0,2010,3.0,10.0,Landslide,135.0,28.0
556,2010-0350-CHN,China,2010,7.0,28.0,2010,7.0,28.0,Industrial accident,300.0,13.0
557,2010-0599-CHN,China,2010,11.0,15.0,2010,11.0,15.0,Miscellaneous accident,70.0,58.0
558,2010-0648-CHN,China,2010,12.0,7.0,2010,12.0,7.0,Miscellaneous accident,26.0,26.0
559,2011-0212-CHN,China,2011,7.0,11.0,2011,7.0,19.0,Flood,1600000.0,6.0
560,2011-0227-CHN,China,2011,6.0,1.0,2011,6.0,29.0,Flood,67900000.0,467.0
561,2011-0135-CHN,China,2011,4.0,17.0,2011,4.0,18.0,Storm,22000150.0,18.0
562,2011-0030-CHN,China,2011,2.0,1.0,2011,2.0,1.0,Earthquake,64501.0,0.0
563,2011-0090-CHN,China,2011,3.0,24.0,2011,3.0,24.0,Earthquake,9508.0,0.0
564,2011-0002-CHN,China,2011,1.0,1.0,2011,1.0,24.0,Extreme temperature,4033472.0,2.0
565,2011-0150-CHN,China,2011,5.0,1.0,2011,5.0,1.0,Miscellaneous accident,35.0,10.0
566,2011-0370-CHN,China,2011,9.0,1.0,2011,9.0,22.0,Flood,20000000.0,117.0
567,2011-0411-CHN,China,2011,11.0,1.0,2011,11.0,1.0,Earthquake,143000.0,0.0
568,2011-0421-CHN,China,2011,8.0,1.0,2011,9.0,8.0,Flood,3800000.0,22.0
569,2011-0434-CHN,China,2011,10.0,7.0,2011,10.0,7.0,Transport accident,35.0,35.0
570,2012-0173-CHN,China,2012,6.0,22.0,2012,7.0,2.0,Flood,17440000.0,91.0
571,2012-0197-CHN,China,2012,4.0,28.0,2012,5.0,15.0,Flood,13119000.0,132.0
572,2012-0350-CHN,China,2012,9.0,7.0,2012,9.0,7.0,Earthquake,744821.0,81.0
573,2012-0536-CHN,China,2012,12.0,7.0,2012,12.0,7.0,Earthquake,5500.0,0.0
574,2012-0604-CHN,China,2012,3.0,9.0,2012,3.0,9.0,Earthquake,36641.0,0.0
575,2012-0136-CHN,China,2012,5.0,8.0,2012,5.0,16.0,Flood,185000.0,53.0
576,2012-0292-CHN,China,2012,7.0,21.0,2012,7.0,24.0,Flood,1000000.0,151.0
577,2012-0282-CHN,China,2012,8.0,8.0,2012,8.0,8.0,Storm,6000007.0,3.0
578,2012-0406-CHN,China,2012,10.0,28.0,2012,10.0,28.0,Storm,126000.0,1.0
579,2012-0559-CHN,China,2012,2.0,7.0,2012,2.0,9.0,Extreme temperature,50650.0,0.0
580,2012-0518-CHN,China,2012,11.0,24.0,2012,11.0,24.0,Miscellaneous accident,57.0,14.0
581,2013-0200-CHN,China,2013,5.0,12.0,2013,5.0,28.0,Flood,300000.0,55.0
582,2013-0084-CHN,China,2013,3.0,18.0,2013,3.0,20.0,Storm,1398324.0,25.0
583,2013-0429-CHN,China,2013,10.0,7.0,2013,10.0,8.0,Storm,475000.0,8.0
584,2013-0257-CHN,China,2013,6.0,29.0,2013,7.0,3.0,Flood,625000.0,55.0
585,2013-0272-CHN,China,2013,8.0,15.0,2013,8.0,21.0,Storm,8000000.0,88.0
586,2013-0065-CHN,China,2013,2.0,18.0,2013,2.0,21.0,Storm,13500.0,2.0
587,2013-0116-CHN,China,2013,4.0,20.0,2013,4.0,20.0,Earthquake,2198785.0,198.0
588,2013-0470-CHN,China,2013,11.0,22.0,2013,11.0,23.0,Earthquake,58300.0,0.0
589,2013-0018-CHN,China,2013,1.0,11.0,2013,1.0,11.0,Mass movement (dry),2.0,46.0
590,2013-0259-CHN,China,2013,7.0,7.0,2013,7.0,17.0,Flood,3500000.0,233.0
591,2013-0373-CHN,China,2013,9.0,22.0,2013,9.0,22.0,Storm,506000.0,20.0
592,2013-0555-CHN,China,2013,12.0,16.0,2013,12.0,16.0,Earthquake,90500.0,0.0
593,2014-0227-CHN,China,2014,7.0,18.0,2014,7.0,19.0,Storm,9960099.0,71.0
594,2014-0110-CHN,China,2014,3.0,27.0,2014,4.0,4.0,Storm,400000.0,21.0
595,2014-0281-CHN,China,2014,8.0,3.0,2014,8.0,3.0,Earthquake,1120513.0,731.0
596,2014-0389-CHN,China,2014,9.0,10.0,2014,9.0,17.0,Flood,1065000.0,50.0
597,2014-0132-CHN,China,2014,4.0,16.0,2014,4.0,20.0,Storm,100000.0,3.0
598,2014-0519-CHN,China,2014,12.0,2.0,2014,12.0,9.0,Storm,3000.0,0.0
599,2014-0086-CHN,China,2014,2.0,12.0,2014,2.0,12.0,Earthquake,450000.0,0.0
600,2014-0449-CHN,China,2014,10.0,7.0,2014,10.0,7.0,Earthquake,255324.0,1.0
601,2014-0464-CHN,China,2014,11.0,22.0,2014,11.0,22.0,Earthquake,82355.0,5.0
602,2014-0180-CHN,China,2014,5.0,24.0,2014,6.0,3.0,Flood,5500000.0,37.0
603,2014-0215-CHN,China,2014,6.0,17.0,2014,6.0,21.0,Flood,15000000.0,24.0
604,2014-0565-CHN,China,2014,1.0,11.0,2014,1.0,11.0,Miscellaneous accident,2600.0,0.0
605,2015-0457-CHN,China,2015,9.0,15.0,2015,9.0,23.0,Flood,15000.0,14.0
606,2015-0131-CHN,China,2015,3.0,24.0,2015,3.0,25.0,Storm,5148.0,34.0
607,2015-0185-CHN,China,2015,5.0,13.0,2015,6.0,1.0,Flood,82000.0,58.0
608,2015-0554-CHN,China,2015,12.0,20.0,2015,12.0,20.0,Industrial accident,77.0,77.0
609,2015-0252-CHN,China,2015,6.0,22.0,2015,6.0,22.0,Storm,193000.0,0.0
610,2015-0339-CHN,China,2015,8.0,9.0,2015,8.0,9.0,Storm,1580000.0,18.0
611,2015-0078-CHN,China,2015,2.0,22.0,2015,2.0,22.0,Earthquake,8640.0,0.0
612,2015-0144-CHN,China,2015,4.0,25.0,2015,4.0,25.0,Earthquake,207883.0,29.0
613,2015-0533-CHN,China,2015,11.0,10.0,2015,11.0,16.0,Flood,639000.0,38.0
614,2015-0490-CHN,China,2015,10.0,4.0,2015,10.0,4.0,Storm,78300.0,20.0
615,2015-0013-CHN,China,2015,1.0,16.0,2015,1.0,16.0,Transport accident,3.0,22.0
616,2015-0303-CHN,China,2015,7.0,20.0,2015,7.0,29.0,Flood,128610.0,28.0
617,2016-0095-CHN,China,2016,3.0,19.0,2016,3.0,22.0,Flood,219300.0,5.0
618,2016-0137-CHN,China,2016,4.0,20.0,2016,4.0,28.0,Flood,48000.0,20.0
619,2016-0162-CHN,China,2016,5.0,4.0,2016,5.0,11.0,Landslide,237600.0,66.0
620,2016-0038-CHN,China,2016,1.0,26.0,2016,1.0,29.0,Flood,3000.0,11.0
621,2016-0241-CHN,China,2016,6.0,28.0,2016,7.0,13.0,Flood,60000000.0,289.0
622,2016-0342-CHN,China,2016,9.0,15.0,2016,9.0,15.0,Storm,205500.0,0.0
623,2016-0480-CHN,China,2016,11.0,25.0,2016,11.0,25.0,Earthquake,37200.0,1.0
624,2016-0526-CHN,China,2016,12.0,8.0,2016,12.0,8.0,Earthquake,9120.0,0.0
625,2016-0364-CHN,China,2016,10.0,19.0,2016,10.0,21.0,Storm,12000.0,0.0
626,2016-0379-CHN,China,2016,8.0,18.0,2016,8.0,19.0,Storm,40000.0,0.0
627,2016-0257-CHN,China,2016,7.0,18.0,2016,7.0,25.0,Flood,375000.0,289.0
628,2017-0331-CHN,China,2017,8.0,8.0,2017,8.0,8.0,Earthquake,218325.0,29.0
629,2017-0169-CHN,China,2017,5.0,31.0,2017,6.0,5.0,Flood,28500.0,1.0
630,2017-0245-CHN,China,2017,6.0,22.0,2017,7.0,7.0,Flood,12000008.0,78.0
631,2017-0284-CHN,China,2017,7.0,13.0,2017,7.0,17.0,Storm,174300.0,36.0
632,2017-0463-CHN,China,2017,10.0,1.0,2017,10.0,10.0,Flood,15600.0,23.0
633,2017-0110-CHN,China,2017,3.0,1.0,2017,3.0,1.0,Storm,41133.0,7.0
634,2017-0513-CHN,China,2017,11.0,18.0,2017,11.0,18.0,Earthquake,23403.0,0.0
635,2017-0044-CHN,China,2017,1.0,20.0,2017,1.0,20.0,Landslide,12.0,12.0
636,2017-0029-CHN,China,2017,2.0,5.0,2017,2.0,5.0,Miscellaneous accident,18.0,18.0
637,2017-0509-CHN,China,2017,12.0,1.0,2017,12.0,1.0,Miscellaneous accident,5.0,10.0
638,2017-0398-CHN,China,2017,9.0,24.0,2017,10.0,7.0,Flood,61500.0,16.0
639,2017-0568-CHN,China,2017,4.0,26.0,2017,4.0,29.0,Flood,76800.0,8.0
640,2018-0432-CHN,China,2018,11.0,28.0,2018,11.0,28.0,Industrial accident,22.0,22.0
641,2018-0282-CHN,China,2018,6.0,28.0,2018,7.0,5.0,Flood,36000.0,11.0
642,2018-0198-CHN,China,2018,5.0,5.0,2018,7.0,31.0,Flood,450000.0,112.0
643,2018-0348-CHN,China,2018,8.0,15.0,2018,8.0,17.0,Storm,39600.0,53.0
644,2018-0118-CHN,China,2018,3.0,3.0,2018,3.0,3.0,Storm,177000.0,14.0
645,2018-0050-CHN,China,2018,1.0,2.0,2018,1.0,5.0,Storm,2503700.0,21.0
646,2018-0474-CHN,China,2018,12.0,27.0,2018,12.0,31.0,Storm,1800000.0,0.0
647,2018-0341-CHN,China,2018,9.0,10.0,2018,9.0,18.0,Storm,0.0,0.0
648,2018-0126-CHN,China,2018,4.0,21.0,2018,4.0,21.0,Transport accident,17.0,17.0
649,2018-0400-CHN,China,2018,10.0,20.0,2018,10.0,20.0,Industrial accident,22.0,21.0
650,2018-0252-CHN,China,2018,7.0,10.0,2018,7.0,11.0,Flood,1519000.0,16.0
651,2019-0119-CHN,China,2019,3.0,21.0,2019,3.0,21.0,Industrial accident,3496.0,78.0
652,2019-0096-CHN,China,2019,2.0,25.0,2019,2.0,25.0,Earthquake,32772.0,2.0
653,2019-0134-CHN,China,2019,4.0,1.0,2019,4.0,1.0,Wildfire,30.0,30.0
654,2019-0003-CHN,China,2019,1.0,12.0,2019,1.0,12.0,Industrial accident,66.0,19.0
655,2019-0387-CHN,China,2019,8.0,10.0,2019,8.0,12.0,Storm,108000.0,72.0
656,2019-0611-CHN,China,2019,10.0,15.0,2019,10.0,25.0,Flood,14.0,14.0
657,2019-0425-CHN,China,2019,9.0,8.0,2019,9.0,8.0,Earthquake,15582.0,1.0
658,2019-0564-CHN,China,2019,11.0,18.0,2019,11.0,18.0,Industrial accident,9.0,15.0
659,2019-0247-CHN,China,2019,5.0,25.0,2019,5.0,25.0,Industrial accident,19.0,10.0
660,2019-0209-CHN,China,2019,6.0,13.0,2019,7.0,1.0,Flood,4500000.0,300.0
661,2019-0333-CHN,China,2019,7.0,15.0,2019,7.0,15.0,Flood,360000.0,17.0
662,2020-0496-CHN,China,2020,11.0,11.0,2020,11.0,12.0,Flood,120.0,13.0
663,2020-0425-CHN,China,2020,10.0,13.0,2020,10.0,14.0,Storm,6.0,6.0
664,2020-0308-CHN,China,2020,8.0,5.0,2020,8.0,5.0,Storm,15100.0,0.0
665,2020-0119-CHN,China,2020,3.0,30.0,2020,3.0,31.0,Wildfire,1200.0,19.0
666,2020-0430-CHN,China,2020,9.0,27.0,2020,9.0,27.0,Industrial accident,1.0,16.0
667,2020-0534-CHN,China,2020,12.0,4.0,2020,12.0,4.0,Industrial accident,18.0,18.0
668,2020-0276-CHN,China,2020,6.0,30.0,2020,7.0,5.0,Flood,10000000.0,22.0
669,2020-0322-CHN,China,2020,5.0,21.0,2020,7.0,30.0,Flood,4200000.0,280.0
670,2005-0130-BGD,Bangladesh,2005,3.0,20.0,2005,3.0,23.0,Storm,11500.0,79.0
671,2005-0088-BGD,Bangladesh,2005,2.0,19.0,2005,2.0,19.0,Transport accident,149.0,149.0
672,2005-0076-BGD,Bangladesh,2005,1.0,16.0,2005,1.0,16.0,Transport accident,200.0,0.0
673,2005-0261-BGD,Bangladesh,2005,5.0,25.0,2005,5.0,28.0,Flood,50000.0,13.0
674,2005-0590-BGD,Bangladesh,2005,10.0,3.0,2005,10.0,20.0,Flood,100000.0,19.0
675,2005-0375-BGD,Bangladesh,2005,7.0,7.0,2005,7.0,27.0,Flood,1000000.0,23.0
676,2005-0800-BGD,Bangladesh,2005,8.0,2.0,2005,8.0,3.0,Transport accident,75.0,75.0
677,2005-0194-BGD,Bangladesh,2005,4.0,11.0,2005,4.0,11.0,Industrial accident,100.0,151.0
678,2005-0391-BGD,Bangladesh,2005,6.0,30.0,2005,6.0,30.0,Storm,35.0,35.0
679,2005-0537-BGD,Bangladesh,2005,9.0,20.0,2005,9.0,20.0,Storm,12000.0,16.0
680,2006-0510-BGD,Bangladesh,2006,9.0,18.0,2006,10.0,5.0,Storm,9135.0,115.0
681,2006-0738-BGD,Bangladesh,2006,4.0,8.0,2006,4.0,8.0,Storm,1500.0,22.0
682,2006-0146-BGD,Bangladesh,2006,3.0,4.0,2006,3.0,4.0,Storm,5899.0,4.0
683,2006-0262-BGD,Bangladesh,2006,5.0,31.0,2006,7.0,24.0,Flood,76000.0,0.0
684,2006-0502-BGD,Bangladesh,2006,8.0,24.0,2006,9.0,20.0,Flood,135775.0,0.0
685,2006-0020-BGD,Bangladesh,2006,1.0,13.0,2006,1.0,13.0,Transport accident,6.0,18.0
686,2006-0398-BGD,Bangladesh,2006,7.0,11.0,2006,7.0,11.0,Transport accident,30.0,32.0
687,2006-0571-BGD,Bangladesh,2006,10.0,23.0,2006,10.0,23.0,Transport accident,60.0,60.0
688,2006-0067-BGD,Bangladesh,2006,2.0,1.0,2006,2.0,1.0,Miscellaneous accident,7528.0,0.0
689,2007-0004-BGD,Bangladesh,2007,1.0,6.0,2007,1.0,6.0,Transport accident,14.0,41.0
690,2007-0161-BGD,Bangladesh,2007,6.0,11.0,2007,6.0,12.0,Flood,80060.0,120.0
691,2007-0311-BGD,Bangladesh,2007,7.0,21.0,2007,8.0,3.0,Flood,13771380.0,1110.0
692,2007-0556-BGD,Bangladesh,2007,11.0,15.0,2007,11.0,19.0,Storm,8978541.0,4234.0
693,2007-0227-BGD,Bangladesh,2007,5.0,15.0,2007,5.0,15.0,Storm,225.0,41.0
694,2008-0285-BGD,Bangladesh,2008,6.0,26.0,2008,7.0,13.0,Flood,20002.0,16.0
695,2008-0648-BGD,Bangladesh,2008,10.0,27.0,2008,10.0,27.0,Storm,200.0,15.0
696,2008-0385-BGD,Bangladesh,2008,8.0,30.0,2008,9.0,8.0,Flood,615638.0,12.0
697,2008-0644-BGD,Bangladesh,2008,3.0,22.0,2008,3.0,22.0,Storm,200.0,12.0
698,2008-0087-BGD,Bangladesh,2008,2.0,28.0,2008,2.0,28.0,Transport accident,39.0,39.0
699,2009-0157-BGD,Bangladesh,2009,4.0,19.0,2009,4.0,20.0,Storm,19209.0,7.0
700,2009-0077-BGD,Bangladesh,2009,2.0,19.0,2009,2.0,19.0,Transport accident,37.0,37.0
701,2009-0204-BGD,Bangladesh,2009,5.0,25.0,2009,5.0,26.0,Storm,3935341.0,190.0
702,2009-0294-BGD,Bangladesh,2009,7.0,3.0,2009,7.0,6.0,Flood,500000.0,6.0
703,2009-0595-BGD,Bangladesh,2009,12.0,15.0,2010,1.0,31.0,Extreme temperature,50000.0,135.0
704,2009-0472-BGD,Bangladesh,2009,10.0,24.0,2009,10.0,24.0,Transport accident,14.0,14.0
705,2009-0525-BGD,Bangladesh,2009,11.0,27.0,2009,11.0,27.0,Transport accident,91.0,91.0
706,2010-0686-BGD,Bangladesh,2010,5.0,1.0,2010,5.0,2.0,Storm,50.0,15.0
707,2010-0269-BGD,Bangladesh,2010,6.0,24.0,2010,6.0,24.0,Flood,75000.0,0.0
708,2010-0676-BGD,Bangladesh,2010,10.0,1.0,2010,10.0,12.0,Flood,500000.0,15.0
709,2010-0171-BGD,Bangladesh,2010,4.0,13.0,2010,4.0,14.0,Storm,247110.0,8.0
710,2010-0004-BGD,Bangladesh,2010,1.0,1.0,2010,1.0,1.0,Transport accident,47.0,17.0
711,2010-0644-BGD,Bangladesh,2010,12.0,14.0,2010,12.0,14.0,Industrial accident,100.0,25.0
712,2010-0085-BGD,Bangladesh,2010,2.0,25.0,2010,2.0,25.0,Miscellaneous accident,40.0,21.0
713,2011-0262-BGD,Bangladesh,2011,7.0,21.0,2011,7.0,29.0,Flood,1570559.0,10.0
714,2011-0018-BGD,Bangladesh,2011,1.0,7.0,2011,2.0,20.0,Extreme temperature,100000.0,50.0
715,2011-0591-BGD,Bangladesh,2011,4.0,4.0,2011,4.0,4.0,Storm,121.0,13.0
716,2011-0525-BGD,Bangladesh,2011,12.0,13.0,2011,12.0,18.0,Extreme temperature,2000.0,12.0
717,2012-0175-BGD,Bangladesh,2012,6.0,24.0,2012,7.0,2.0,Flood,5148475.0,139.0
718,2012-0082-BGD,Bangladesh,2012,4.0,6.0,2012,4.0,6.0,Storm,55121.0,25.0
719,2012-0382-BGD,Bangladesh,2012,9.0,21.0,2012,9.0,28.0,Flood,250000.0,0.0
720,2012-0385-BGD,Bangladesh,2012,10.0,10.0,2012,10.0,10.0,Storm,129558.0,108.0
721,2012-0063-BGD,Bangladesh,2012,3.0,13.0,2012,3.0,13.0,Transport accident,35.0,123.0
722,2012-0515-BGD,Bangladesh,2012,11.0,25.0,2012,11.0,25.0,Industrial accident,121.0,121.0
723,2013-0090-BGD,Bangladesh,2013,3.0,29.0,2013,3.0,30.0,Storm,25020.0,2.0
724,2013-0138-BGD,Bangladesh,2013,5.0,16.0,2013,5.0,16.0,Storm,1498644.0,17.0
725,2013-0071-BGD,Bangladesh,2013,2.0,8.0,2013,2.0,8.0,Transport accident,14.0,14.0
726,2014-0290-BGD,Bangladesh,2014,8.0,11.0,2014,9.0,10.0,Flood,2800447.0,59.0
727,2014-0135-BGD,Bangladesh,2014,4.0,27.0,2014,4.0,28.0,Storm,4012.0,16.0
728,2014-0244-BGD,Bangladesh,2014,6.0,11.0,2014,6.0,11.0,Storm,1250.0,4.0
729,2014-0041-BGD,Bangladesh,2014,2.0,3.0,2014,2.0,3.0,Transport accident,41.0,41.0
730,2014-0154-BGD,Bangladesh,2014,5.0,3.0,2014,5.0,3.0,Transport accident,40.0,70.0
731,2015-0118-BGD,Bangladesh,2015,4.0,1.0,2015,4.0,7.0,Storm,20200.0,53.0
732,2015-0253-BGD,Bangladesh,2015,6.0,23.0,2015,6.0,30.0,Flood,1401901.0,20.0
733,2015-0309-BGD,Bangladesh,2015,7.0,29.0,2015,7.0,30.0,Storm,2600000.0,45.0
734,2015-0601-BGD,Bangladesh,2015,5.0,23.0,2015,5.0,23.0,Storm,40050.0,6.0
735,2015-0051-BGD,Bangladesh,2015,2.0,22.0,2015,2.0,22.0,Transport accident,50.0,78.0
736,2015-0347-BGD,Bangladesh,2015,3.0,27.0,2015,3.0,27.0,Miscellaneous accident,50.0,10.0
737,2015-0583-BGD,Bangladesh,2015,1.0,11.0,2015,1.0,11.0,Miscellaneous accident,2000.0,2.0
738,2016-0175-BGD,Bangladesh,2016,5.0,21.0,2016,5.0,21.0,Storm,1203555.0,28.0
739,2016-0002-BGD,Bangladesh,2016,1.0,3.0,2016,1.0,3.0,Earthquake,70.0,5.0
740,2016-0288-BGD,Bangladesh,2016,7.0,19.0,2016,8.0,2.0,Flood,1900000.0,106.0
741,2016-0293-BGD,Bangladesh,2016,8.0,13.0,2016,8.0,13.0,Transport accident,17.0,17.0
742,2016-0346-BGD,Bangladesh,2016,9.0,21.0,2016,9.0,21.0,Transport accident,75.0,13.0
743,2017-0174-BGD,Bangladesh,2017,6.0,12.0,2017,6.0,14.0,Landslide,80187.0,160.0
744,2017-0138-BGD,Bangladesh,2017,3.0,28.0,2017,4.0,15.0,Flood,86025.0,0.0
745,2017-0152-BGD,Bangladesh,2017,5.0,30.0,2017,5.0,30.0,Storm,3300012.0,7.0
746,2017-0556-BGD,Bangladesh,2017,11.0,3.0,2017,12.0,12.0,Epidemic,789.0,15.0
747,2017-0396-BGD,Bangladesh,2017,9.0,28.0,2017,9.0,28.0,Transport accident,63.0,63.0
748,2017-0412-BGD,Bangladesh,2017,10.0,8.0,2017,10.0,8.0,Transport accident,40.0,40.0
749,2017-0250-BGD,Bangladesh,2017,7.0,3.0,2017,7.0,3.0,Industrial accident,13.0,13.0
750,2017-0527-BGD,Bangladesh,2017,12.0,18.0,2017,12.0,18.0,Miscellaneous accident,15.0,10.0
751,2017-0342-BGD,Bangladesh,2017,8.0,10.0,2017,8.0,31.0,Flood,8000000.0,144.0
752,2018-0203-BGD,Bangladesh,2018,6.0,5.0,2018,6.0,14.0,Flood,14.0,14.0
753,2018-0140-BGD,Bangladesh,2018,4.0,29.0,2018,4.0,30.0,Storm,33.0,33.0
754,2018-0018-BGD,Bangladesh,2018,1.0,1.0,2018,1.0,10.0,Extreme temperature,34.0,34.0
755,2018-0158-BGD,Bangladesh,2018,5.0,20.0,2018,5.0,22.0,Flood,14000.0,21.0
756,2019-0164-BGD,Bangladesh,2019,5.0,4.0,2019,5.0,4.0,Storm,10045.0,39.0
757,2019-0127-BGD,Bangladesh,2019,3.0,28.0,2019,3.0,28.0,Miscellaneous accident,65.0,25.0
758,2019-0064-BGD,Bangladesh,2019,2.0,17.0,2019,2.0,17.0,Miscellaneous accident,2350.0,9.0
759,2019-0304-BGD,Bangladesh,2019,7.0,2.0,2019,7.0,8.0,Landslide,18016.0,2.0
760,2019-0550-BGD,Bangladesh,2019,11.0,9.0,2019,11.0,10.0,Storm,251506.0,40.0
761,2019-0277-BGD,Bangladesh,2019,6.0,24.0,2019,6.0,24.0,Transport accident,100.0,4.0
762,2019-0622-BGD,Bangladesh,2019,12.0,15.0,2019,12.0,15.0,Industrial accident,10.0,10.0
763,2019-0403-BGD,Bangladesh,2019,8.0,27.0,2019,8.0,27.0,Miscellaneous accident,10000.0,0.0
764,2020-0323-BGD,Bangladesh,2020,6.0,15.0,2020,9.0,30.0,Flood,5448271.0,257.0
765,2020-0211-BGD,Bangladesh,2020,5.0,20.0,2020,5.0,20.0,Storm,2600000.0,26.0
766,2020-0444-BGD,Bangladesh,2020,9.0,6.0,2020,9.0,6.0,Miscellaneous accident,13.0,24.0
767,2020-0054-BGD,Bangladesh,2020,2.0,10.0,2020,2.0,10.0,Transport accident,20.0,15.0
768,2005-0054-BRA,Brazil,2005,1.0,29.0,2005,2.0,11.0,Flood,10000.0,19.0
769,2005-0296-BRA,Brazil,2005,6.0,1.0,2005,6.0,4.0,Flood,31000.0,28.0
770,2005-0555-BRA,Brazil,2005,9.0,29.0,2005,9.0,29.0,Transport accident,42.0,20.0
771,2005-0248-BRA,Brazil,2005,5.0,14.0,2005,5.0,14.0,Miscellaneous accident,600.0,0.0
772,2006-0201-BRA,Brazil,2006,3.0,25.0,2006,4.0,23.0,Flood,116000.0,8.0
773,2006-0160-BRA,Brazil,2006,4.0,1.0,2006,4.0,1.0,Transport accident,19.0,19.0
774,2006-0519-BRA,Brazil,2006,9.0,29.0,2006,9.0,29.0,Transport accident,155.0,155.0
775,2006-0036-BRA,Brazil,2006,1.0,22.0,2006,1.0,23.0,Transport accident,33.0,33.0
776,2007-0003-BRA,Brazil,2007,1.0,1.0,2007,1.0,12.0,Flood,200080.0,59.0
777,2007-0528-BRA,Brazil,2007,10.0,24.0,2007,10.0,27.0,Flood,2272.0,6.0
778,2007-0653-BRA,Brazil,2007,12.0,9.0,2007,12.0,9.0,Earthquake,286.0,1.0
779,2007-0285-BRA,Brazil,2007,7.0,17.0,2007,7.0,17.0,Transport accident,17.0,199.0
780,2007-0465-BRA,Brazil,2007,9.0,24.0,2007,9.0,30.0,Flood,4000.0,4.0
781,2008-0016-BRA,Brazil,2008,1.0,12.0,2008,1.0,16.0,Flood,49506.0,4.0
782,2008-0041-BRA,Brazil,2008,2.0,2.0,2008,2.0,6.0,Flood,12870.0,9.0
783,2008-0125-BRA,Brazil,2008,3.0,30.0,2008,4.0,4.0,Flood,190000.0,36.0
784,2008-0549-BRA,Brazil,2008,11.0,22.0,2008,11.0,24.0,Flood,1500015.0,151.0
785,2008-0346-BRA,Brazil,2008,5.0,6.0,2008,5.0,6.0,Storm,1600.0,3.0
786,2008-0343-BRA,Brazil,2008,8.0,20.0,2008,8.0,20.0,Transport accident,19.0,14.0
787,2008-0419-BRA,Brazil,2008,7.0,11.0,2008,7.0,11.0,Transport accident,16.0,16.0
788,2009-0163-BRA,Brazil,2009,4.0,22.0,2009,5.0,14.0,Flood,1150900.0,56.0
789,2009-0017-BRA,Brazil,2009,1.0,20.0,2009,1.0,27.0,Flood,1048.0,16.0
790,2009-0068-BRA,Brazil,2009,2.0,7.0,2009,2.0,7.0,Transport accident,4.0,24.0
791,2009-0600-BRA,Brazil,2009,12.0,31.0,2010,1.0,28.0,Landslide,1000.0,74.0
792,2009-0356-BRA,Brazil,2009,9.0,9.0,2009,9.0,9.0,Storm,2364.0,4.0
793,2009-0207-BRA,Brazil,2009,5.0,28.0,2009,5.0,28.0,Flood,2500.0,4.0
794,2009-0238-BRA,Brazil,2009,6.0,20.0,2009,6.0,21.0,Flood,18000.0,0.0
795,2009-0560-BRA,Brazil,2009,11.0,2.0,2009,11.0,2.0,Flood,680000.0,0.0
796,2010-0147-BRA,Brazil,2010,4.0,4.0,2010,4.0,12.0,Flood,74938.0,256.0
797,2010-0248-BRA,Brazil,2010,6.0,19.0,2010,6.0,23.0,Flood,157000.0,72.0
798,2010-0013-BRA,Brazil,2010,1.0,8.0,2010,1.0,8.0,Transport accident,13.0,13.0
799,2010-0549-BRA,Brazil,2010,10.0,17.0,2010,10.0,17.0,Transport accident,23.0,11.0
800,2010-0477-BRA,Brazil,2010,9.0,14.0,2010,9.0,14.0,Transport accident,6.0,11.0
801,2011-0014-BRA,Brazil,2011,1.0,11.0,2011,1.0,12.0,Flood,45000.0,900.0
802,2011-0086-BRA,Brazil,2011,3.0,12.0,2011,3.0,18.0,Flood,31000.0,10.0
803,2011-0142-BRA,Brazil,2011,4.0,21.0,2011,4.0,24.0,Flood,31600.0,12.0
804,2011-0187-BRA,Brazil,2011,5.0,8.0,2011,5.0,11.0,Flood,13000.0,2.0
805,2011-0213-BRA,Brazil,2011,7.0,15.0,2011,7.0,19.0,Flood,78000.0,15.0
806,2011-0075-BRA,Brazil,2011,2.0,28.0,2011,2.0,28.0,Miscellaneous accident,16.0,16.0
807,2011-0572-BRA,Brazil,2011,12.0,3.0,2011,12.0,3.0,Transport accident,13.0,36.0
808,2012-0075-BRA,Brazil,2012,2.0,20.0,2012,3.0,26.0,Flood,89000.0,3.0
809,2012-0185-BRA,Brazil,2012,5.0,1.0,2012,5.0,20.0,Flood,210000.0,0.0
810,2012-0169-BRA,Brazil,2012,6.0,11.0,2012,6.0,12.0,Transport accident,15.0,15.0
811,2012-0211-BRA,Brazil,2012,7.0,16.0,2012,7.0,16.0,Transport accident,23.0,10.0
812,2012-0244-BRA,Brazil,2012,3.0,17.0,2012,3.0,17.0,Transport accident,15.0,15.0
813,2012-0017-BRA,Brazil,2012,1.0,26.0,2012,1.0,26.0,Miscellaneous accident,6.0,39.0
814,2013-0003-BRA,Brazil,2013,1.0,1.0,2013,1.0,20.0,Flood,200000.0,4.0
815,2013-0077-BRA,Brazil,2013,3.0,17.0,2013,3.0,18.0,Flood,1510.0,30.0
816,2013-0408-BRA,Brazil,2013,9.0,21.0,2013,9.0,22.0,Storm,13864.0,2.0
817,2013-0180-BRA,Brazil,2013,4.0,19.0,2013,4.0,19.0,Transport accident,41.0,27.0
818,2013-0552-BRA,Brazil,2013,12.0,17.0,2014,1.0,4.0,Flood,43300.0,64.0
819,2014-0002-BRA,Brazil,2014,1.0,12.0,2014,1.0,13.0,Flood,600.0,20.0
820,2014-0245-BRA,Brazil,2014,7.0,3.0,2014,7.0,14.0,Flood,50000.0,10.0
821,2014-0188-BRA,Brazil,2014,6.0,7.0,2014,6.0,30.0,Flood,500052.0,11.0
822,2014-0189-BRA,Brazil,2014,5.0,18.0,2014,5.0,18.0,Transport accident,17.0,20.0
823,2014-0557-BRA,Brazil,2014,9.0,8.0,2014,9.0,8.0,Miscellaneous accident,2000.0,0.0
824,2014-0363-BRA,Brazil,2014,10.0,2.0,2014,10.0,2.0,Miscellaneous accident,600.0,1.0
825,2015-0486-BRA,Brazil,2015,11.0,5.0,2015,11.0,5.0,Industrial accident,650.0,24.0
826,2015-0285-BRA,Brazil,2015,7.0,10.0,2015,7.0,21.0,Flood,283140.0,3.0
827,2015-0156-BRA,Brazil,2015,4.0,20.0,2015,4.0,20.0,Storm,11037.0,2.0
828,2015-0489-BRA,Brazil,2015,10.0,8.0,2015,10.0,20.0,Flood,5370.0,3.0
829,2015-0551-BRA,Brazil,2015,12.0,20.0,2015,12.0,26.0,Flood,9000.0,0.0
830,2015-0095-BRA,Brazil,2015,3.0,14.0,2015,3.0,14.0,Transport accident,54.0,54.0
831,2015-0423-BRA,Brazil,2015,9.0,6.0,2015,9.0,6.0,Transport accident,50.0,15.0
832,2015-0007-BRA,Brazil,2015,1.0,6.0,2015,1.0,6.0,Transport accident,158.0,0.0
833,2016-0077-BRA,Brazil,2016,3.0,10.0,2016,3.0,11.0,Flood,30.0,30.0
834,2016-0214-BRA,Brazil,2016,6.0,9.0,2016,6.0,9.0,Transport accident,31.0,18.0
835,2016-0033-BRA,Brazil,2016,1.0,9.0,2016,1.0,15.0,Flood,50500.0,3.0
836,2016-0518-BRA,Brazil,2016,12.0,18.0,2017,4.0,1.0,Epidemic,777.0,261.0
837,2017-0202-BRA,Brazil,2017,5.0,26.0,2017,6.0,10.0,Flood,104140.0,14.0
838,2017-0551-BRA,Brazil,2017,7.0,1.0,2018,2.0,16.0,Epidemic,310.0,154.0
839,2017-0175-BRA,Brazil,2017,6.0,17.0,2017,6.0,17.0,Transport accident,10.0,10.0
840,2017-0354-BRA,Brazil,2017,8.0,22.0,2017,8.0,22.0,Transport accident,26.0,26.0
841,2017-0574-BRA,Brazil,2018,8.0,24.0,2018,8.0,24.0,Transport accident,22.0,22.0
842,2018-0040-BRA,Brazil,2018,2.0,14.0,2018,2.0,16.0,Flood,250.0,4.0
843,2018-0155-BRA,Brazil,2018,5.0,2.0,2018,5.0,2.0,Miscellaneous accident,49.0,49.0
844,2018-0415-BRA,Brazil,2018,11.0,10.0,2018,11.0,10.0,Landslide,300.0,15.0
845,2018-0009-BRA,Brazil,2018,1.0,13.0,2018,1.0,13.0,Transport accident,39.0,13.0
846,2018-0449-BRA,Brazil,2018,12.0,17.0,2018,12.0,18.0,Miscellaneous accident,2517.0,0.0
847,2018-0112-BRA,Brazil,2018,3.0,20.0,2018,3.0,21.0,Flood,1000.0,3.0
848,2019-0100-BRA,Brazil,2019,3.0,10.0,2019,3.0,11.0,Flood,1306.0,12.0
849,2019-0146-BRA,Brazil,2019,4.0,8.0,2019,4.0,9.0,Flood,4500.0,10.0
850,2019-0008-BRA,Brazil,2019,1.0,11.0,2019,1.0,11.0,Flood,10000.0,4.0
851,2019-0051-BRA,Brazil,2019,2.0,8.0,2019,2.0,8.0,Miscellaneous accident,3.0,10.0
852,2019-0368-BRA,Brazil,2019,7.0,23.0,2019,7.0,24.0,Flood,12.0,12.0
853,2019-0542-BRA,Brazil,2019,11.0,16.0,2019,11.0,17.0,Flood,672.0,2.0
854,2019-0309-BRA,Brazil,2019,6.0,13.0,2019,6.0,13.0,Flood,30000.0,7.0
855,2019-0507-BRA,Brazil,2019,10.0,15.0,2019,10.0,15.0,Miscellaneous accident,7.0,11.0
856,2019-0440-BRA,Brazil,2019,9.0,12.0,2019,9.0,12.0,Miscellaneous accident,77.0,11.0
857,2020-0270-BRA,Brazil,2020,6.0,30.0,2020,7.0,1.0,Storm,1119.0,12.0
858,2020-0022-BRA,Brazil,2020,1.0,17.0,2020,1.0,27.0,Flood,11012.0,61.0
859,2020-0056-BRA,Brazil,2020,2.0,9.0,2020,2.0,11.0,Flood,658.0,5.0
860,2020-0083-BRA,Brazil,2020,3.0,2.0,2020,3.0,3.0,Flood,5000.0,60.0
861,2020-0560-BRA,Brazil,2020,12.0,17.0,2020,12.0,21.0,Flood,339.0,21.0
862,2020-0511-BRA,Brazil,2020,11.0,25.0,2020,11.0,25.0,Transport accident,15.0,37.0
863,201608100055,Canada,2016,8,10,2016,8,10,Bombing/Explosion,1.0,1.0
864,201701290001,Canada,2017,1,29,2017,1,29,Armed Assault,19.0,6.0
865,201002180013,United States,2010,2,18,2010,2,18,Facility/Infrastructure Attack,15.0,2.0
866,201908040007,United States,2019,8,4,2019,8,4,Armed Assault,27.0,10.0
867,201902160028,Mexico,2019,2,16,2019,2,16,Assassination,1.0,1.0
868,200511160001,India,2005,11,16,2005,11,16,Bombing/Explosion,45.0,2.0
869,200602280005,India,2006,2,28,2006,2,28,Bombing/Explosion,20.0,55.0
870,200611060004,India,2006,11,6,2006,11,6,Bombing/Explosion,50.0,15.0
871,200801020020,India,2008,1,2,2008,1,2,Armed Assault,5.0,1.0
872,200901010012,India,2009,1,1,2009,1,1,Bombing/Explosion,17.0,2.0
873,200911220027,India,2009,11,22,2009,11,22,Bombing/Explosion,54.0,8.0
874,201012070015,India,2010,12,7,2010,12,7,Bombing/Explosion,20.0,2.0
875,201102280010,India,2011,2,28,2011,2,28,Bombing/Explosion,4.0,3.0
876,201203270008,India,2012,3,27,2012,3,27,Bombing/Explosion,28.0,12.0
877,201210300022,India,2012,10,30,2012,10,30,Armed Assault,14.0,7.0
878,201402280038,India,2014,2,28,2014,2,28,Bombing/Explosion,2.0,7.0
879,201411230044,India,2014,11,23,2014,11,23,Bombing/Explosion,26.0,2.0
880,201501230069,India,2015,1,23,2015,1,23,Bombing/Explosion,16.0,2.0
881,201502130043,India,2015,2,13,2015,2,13,Bombing/Explosion,3.0,2.0
882,201702010006,India,2017,2,1,2017,2,1,Bombing/Explosion,5.0,8.0
883,201903070003,India,2019,3,7,2019,3,7,Bombing/Explosion,31.0,2.0
884,200803130004,China,2008,3,13,2008,3,13,Bombing/Explosion,36.0,2.0
885,200501240001,Sudan,2005,1,24,2005,1,24,Armed Assault,26.0,22.0
886,200604130032,Sudan,2006,4,13,2006,4,13,Armed Assault,11.0,15.0
887,200610190017,Sudan,2006,10,19,2006,10,19,Armed Assault,16.0,42.0
888,200611120007,Sudan,2006,11,12,2006,11,12,Armed Assault,17.0,12.0
889,200701080007,Sudan,2007,1,8,2007,1,8,Bombing/Explosion,13.0,20.0
890,200708310021,Sudan,2007,8,31,2007,8,31,Armed Assault,11.0,46.0
891,200712130010,Sudan,2007,12,13,2007,12,13,Armed Assault,1.0,5.0
892,200908120009,Sudan,2009,8,12,2009,8,12,Hostage Taking (Kidnapping),3.0,2.0
893,200912040008,Sudan,2009,12,4,2009,12,4,Armed Assault,3.0,3.0
894,201010200012,Sudan,2010,10,20,2010,10,20,Armed Assault,1.0,1.0
895,201108020011,Sudan,2011,8,2,2011,8,2,Bombing/Explosion,7.0,4.0
896,201110100010,Sudan,2011,10,10,2011,10,10,Bombing/Explosion,5.0,20.0
897,201201210034,Sudan,2012,1,21,2012,1,21,Hostage Taking (Kidnapping),1.0,1.0
898,201202230034,Sudan,2012,2,22,2012,2,22,Armed Assault,4.0,6.0
899,201204200015,Sudan,2012,4,20,2012,4,20,Armed Assault,3.0,1.0
900,201210080029,Sudan,2012,10,8,2012,10,8,Bombing/Explosion,4.0,2.0
901,201301220031,Sudan,2013,1,21,2013,1,21,Armed Assault,1.0,2.0
902,201303180035,Sudan,2013,3,18,2013,3,18,Armed Assault,3.0,3.0
903,201304120020,Sudan,2013,4,12,2013,4,12,Bombing/Explosion,10.0,2.0
904,201306140020,Sudan,2013,6,14,2013,6,14,Bombing/Explosion,2.0,1.0
905,201310130003,Sudan,2013,10,13,2013,10,13,Armed Assault,1.0,3.0
906,201311280060,Sudan,2013,11,28,2013,11,28,Armed Assault,25.0,5.0
907,201401150070,Sudan,2014,1,15,2014,1,15,Armed Assault,6.0,2.0
908,201402120014,Sudan,2014,2,12,2014,2,12,Bombing/Explosion,13.0,5.0
909,201403160042,Sudan,2014,3,16,2014,3,16,Armed Assault,11.0,3.0
910,201407190055,Sudan,2014,7,19,2014,7,19,Armed Assault,6.0,13.0
911,201409220106,Sudan,2014,9,22,2014,9,22,Armed Assault,30.0,2.0
912,201411250010,Sudan,2014,11,25,2014,11,25,Armed Assault,10.0,15.0
913,201412130056,Sudan,2014,12,13,2014,12,13,Armed Assault,6.0,9.0
914,201503120015,Sudan,2015,3,12,2015,3,12,Armed Assault,11.0,2.0
915,201504210056,Sudan,2015,4,21,2015,4,21,Armed Assault,3.0,1.0
916,201505080045,Sudan,2015,5,8,2015,5,8,Hostage Taking (Kidnapping),7.0,3.0
917,201507140084,Sudan,2015,7,14,2015,7,14,Armed Assault,2.0,2.0
918,201509180007,Sudan,2015,9,18,2015,9,18,Armed Assault,3.0,4.0
919,201511040048,Sudan,2015,11,4,2015,11,4,Bombing/Explosion,4.0,2.0
920,201601010036,Sudan,2016,1,1,2016,1,1,Hostage Taking (Kidnapping),22.0,6.0
921,201602130021,Sudan,2016,2,13,2016,2,13,Armed Assault,3.0,1.0
922,201603230066,Sudan,2016,3,23,2016,3,23,Armed Assault,3.0,2.0
923,201604030062,Sudan,2016,4,3,2016,4,3,Bombing/Explosion,2.0,1.0
924,201606210009,Sudan,2016,6,20,2016,6,20,Armed Assault,7.0,4.0
925,201610180045,Sudan,2016,10,18,2016,10,18,Hostage Taking (Kidnapping),5.0,3.0
926,201611170035,Sudan,2016,11,17,2016,11,17,Armed Assault,2.0,3.0
927,201703290031,Sudan,2017,3,29,2017,3,29,Armed Assault,4.0,6.0
928,201704060035,Sudan,2017,4,6,2017,4,6,Armed Assault,2.0,1.0
929,201705240022,Sudan,2017,5,24,2017,5,24,Armed Assault,20.0,1.0
930,201709290039,Sudan,2017,9,29,2017,9,29,Hostage Taking (Kidnapping),3.0,2.0
931,201710240023,Sudan,2017,10,24,2017,10,24,Armed Assault,3.0,3.0
932,201011130006,Bangladesh,2010,11,13,2010,11,13,Bombing/Explosion,1.0,3.0
933,201208280021,Bangladesh,2012,8,28,2012,8,28,Assassination,2.0,3.0
934,201311280052,Bangladesh,2013,11,28,2013,11,28,Armed Assault,17.0,2.0
935,201312260032,Bangladesh,2013,12,26,2013,12,26,Bombing/Explosion,6.0,1.0
936,201401050059,Bangladesh,2014,1,5,2014,1,5,Bombing/Explosion,6.0,1.0
937,201512250001,Bangladesh,2015,12,25,2015,12,25,Bombing/Explosion,3.0,1.0
938,201610040036,Bangladesh,2016,10,4,2016,10,4,Bombing/Explosion,1.0,1.0
939,200708210011,Niger,2007,8,21,2007,8,21,Armed Assault,3.0,17.0
940,201410300016,Niger,2014,10,30,2014,10,30,Armed Assault,6.0,11.0
941,201502060065,Niger,2015,2,6,2015,2,6,Armed Assault,7.0,57.0
942,201505050057,Niger,2015,5,7,2015,5,7,Armed Assault,2.0,2.0
943,201506230037,Niger,2015,6,23,2015,6,23,Armed Assault,4.0,5.0
944,201509240034,Niger,2015,9,24,2015,9,24,Armed Assault,4.0,15.0
945,201510280029,Niger,2015,10,28,2015,10,28,Armed Assault,3.0,14.0
946,201511260027,Niger,2015,11,26,2015,11,26,Armed Assault,11.0,18.0
947,201608150065,Niger,2016,8,15,2016,8,15,Armed Assault,1.0,5.0
948,201609020040,Niger,2016,9,2,2016,9,2,Facility/Infrastructure Attack,2.0,5.0
949,201702220014,Niger,2017,2,22,2017,2,22,Armed Assault,19.0,15.0
950,201811220006,Niger,2018,11,22,2018,11,22,Hostage Taking (Kidnapping),5.0,8.0
951,201901280015,Niger,2019,1,28,2019,1,28,Armed Assault,3.0,4.0
952,201902130013,Niger,2019,2,13,2019,2,13,Armed Assault,1.0,3.0
953,201903260017,Niger,2019,3,26,2019,3,26,Bombing/Explosion,4.0,6.0
954,201905030017,Niger,2019,5,3,2019,5,3,Bombing/Explosion,3.0,6.0
