Fact_key,population_key,country_key,month_key,education_key,health_key,quality_of_life_key,event_key,avg_births,avg_deaths,HDI
0,16,1,1,16,16,16,752,4135332.000000001,2452624.0,0.9
1,32,2,1,32,32,32,588,2309140.0,509041.0,0.737
2,48,3,1,48,48,48,409,27656029.0,9268690.0,0.536
3,64,4,1,64,64,64,233,17089922.0,8961495.0,0.64
4,80,5,1,80,80,80,705,1165194.0,283447.0,0.437
5,96,6,1,94,96,96,0,3334617.0,860511.0000000001,0.514
6,112,7,1,110,112,112,102,3206294.0000000005,1122293.9999999998,0.7
7,16,1,2,16,16,16,753,4135332.000000001,2452624.0,0.9
8,48,3,2,48,48,48,410,27656029.0,9268690.0,0.536
9,64,4,2,64,64,64,234,17089922.0,8961495.0,0.64
10,96,6,2,94,96,96,1,3334617.0,860511.0000000001,0.514
11,16,1,3,16,16,16,754,4135332.000000001,2452624.0,0.9
12,48,3,3,48,48,48,411,27656029.0,9268690.0,0.536
13,64,4,3,64,64,64,235,17089922.0,8961495.0,0.64
14,96,6,3,94,96,96,2,3334617.0,860511.0000000001,0.514
15,16,1,4,16,16,16,755,4135332.000000001,2452624.0,0.9
16,32,2,4,32,32,32,589,2309140.0,509041.0,0.737
17,48,3,4,48,48,48,412,27656029.0,9268690.0,0.536
18,64,4,4,64,64,64,236,17089922.0,8961495.0,0.64
19,96,6,4,94,96,96,3,3334617.0,860511.0000000001,0.514
20,0,0,5,0,0,0,190,347838.0,231303.0,0.894
21,16,1,5,16,16,16,756,4135332.000000001,2452624.0,0.9
22,32,2,5,32,32,32,590,2309140.0,509041.0,0.737
23,48,3,5,48,48,48,413,27656029.0,9268690.0,0.536
24,64,4,5,64,64,64,237,17089922.0,8961495.0,0.64
25,96,6,5,94,96,96,4,3334617.0,860511.0000000001,0.514
26,112,7,5,110,112,112,103,3206294.0000000005,1122293.9999999998,0.7
27,0,0,6,0,0,0,191,347838.0,231303.0,0.894
28,32,2,6,32,32,32,591,2309140.0,509041.0,0.737
29,48,3,6,48,48,48,414,27656029.0,9268690.0,0.536
30,64,4,6,64,64,64,238,17089922.0,8961495.0,0.64
31,96,6,6,94,96,96,5,3334617.0,860511.0000000001,0.514
32,112,7,6,110,112,112,104,3206294.0000000005,1122293.9999999998,0.7
33,0,0,7,0,0,0,191,347838.0,231303.0,0.894
34,16,1,7,16,16,16,757,4135332.000000001,2452624.0,0.9
35,32,2,7,32,32,32,592,2309140.0,509041.0,0.737
36,48,3,7,48,48,48,415,27656029.0,9268690.0,0.536
37,64,4,7,64,64,64,239,17089922.0,8961495.0,0.64
38,96,6,7,94,96,96,6,3334617.0,860511.0000000001,0.514
39,16,1,8,16,16,16,758,4135332.000000001,2452624.0,0.9
40,32,2,8,32,32,32,593,2309140.0,509041.0,0.737
41,48,3,8,48,48,48,416,27656029.0,9268690.0,0.536
42,64,4,8,64,64,64,240,17089922.0,8961495.0,0.64
43,96,6,8,94,96,96,7,3334617.0,860511.0000000001,0.514
44,0,0,9,0,0,0,192,347838.0,231303.0,0.894
45,16,1,9,16,16,16,759,4135332.000000001,2452624.0,0.9
46,32,2,9,32,32,32,594,2309140.0,509041.0,0.737
47,48,3,9,48,48,48,417,27656029.0,9268690.0,0.536
48,64,4,9,64,64,64,241,17089922.0,8961495.0,0.64
49,96,6,9,94,96,96,8,3334617.0,860511.0000000001,0.514
50,112,7,9,110,112,112,105,3206294.0000000005,1122293.9999999998,0.7
51,16,1,10,16,16,16,760,4135332.000000001,2452624.0,0.9
52,32,2,10,32,32,32,595,2309140.0,509041.0,0.737
53,48,3,10,48,48,48,418,27656029.0,9268690.0,0.536
54,64,4,10,64,64,64,242,17089922.0,8961495.0,0.64
55,96,6,10,94,96,96,9,3334617.0,860511.0000000001,0.514
56,0,0,11,0,0,0,193,347838.0,231303.0,0.894
57,48,3,11,48,48,48,419,27656029.0,9268690.0,0.536
58,64,4,11,64,64,64,243,17089922.0,8961495.0,0.64
59,17,1,13,17,17,17,762,4151205.0,2452720.0,0.903
60,49,3,13,49,49,49,421,27466953.0,9274141.0,0.546
61,65,4,13,65,65,65,245,17144153.000000004,9068628.0,0.653
62,97,6,13,95,97,97,10,3287685.0,856718.9999999999,0.521
63,113,7,13,111,113,113,106,3148993.0,1132072.0,0.702
64,33,2,14,33,33,33,596,2299717.0,524807.0,0.745
65,49,3,14,49,49,49,422,27466953.0,9274141.0,0.546
66,65,4,14,65,65,65,246,17144153.000000004,9068628.0,0.653
67,97,6,14,95,97,97,11,3287685.0,856718.9999999999,0.521
68,17,1,15,17,17,17,763,4151205.0,2452720.0,0.903
69,49,3,15,49,49,49,423,27466953.0,9274141.0,0.546
70,65,4,15,65,65,65,247,17144153.000000004,9068628.0,0.653
71,97,6,15,95,97,97,12,3287685.0,856718.9999999999,0.521
72,1,0,16,1,1,1,194,355440.0,233707.0,0.898
73,17,1,16,17,17,17,764,4151205.0,2452720.0,0.903
74,33,2,16,33,33,33,597,2299717.0,524807.0,0.745
75,49,3,16,49,49,49,424,27466953.0,9274141.0,0.546
76,65,4,16,65,65,65,248,17144153.000000004,9068628.0,0.653
77,81,5,16,81,81,81,706,1178972.0,283164.0,0.443
78,97,6,16,95,97,97,13,3287685.0,856718.9999999999,0.521
79,113,7,16,111,113,113,107,3148993.0,1132072.0,0.702
80,1,0,17,1,1,1,195,355440.0,233707.0,0.898
81,17,1,17,17,17,17,765,4151205.0,2452720.0,0.903
82,49,3,17,49,49,49,425,27466953.0,9274141.0,0.546
83,65,4,17,65,65,65,249,17144153.000000004,9068628.0,0.653
84,17,1,18,17,17,17,766,4151205.0,2452720.0,0.903
85,49,3,18,49,49,49,426,27466953.0,9274141.0,0.546
86,65,4,18,65,65,65,250,17144153.000000004,9068628.0,0.653
87,17,1,19,17,17,17,767,4151205.0,2452720.0,0.903
88,49,3,19,49,49,49,427,27466953.0,9274141.0,0.546
89,65,4,19,65,65,65,251,17144153.000000004,9068628.0,0.653
90,97,6,19,95,97,97,14,3287685.0,856718.9999999999,0.521
91,17,1,20,17,17,17,768,4151205.0,2452720.0,0.903
92,33,2,20,33,33,33,598,2299717.0,524807.0,0.745
93,49,3,20,49,49,49,428,27466953.0,9274141.0,0.546
94,65,4,20,65,65,65,252,17144153.000000004,9068628.0,0.653
95,97,6,20,95,97,97,15,3287685.0,856718.9999999999,0.521
96,17,1,21,17,17,17,769,4151205.0,2452720.0,0.903
97,33,2,21,33,33,33,599,2299717.0,524807.0,0.745
98,49,3,21,49,49,49,429,27466953.0,9274141.0,0.546
99,97,6,21,95,97,97,15,3287685.0,856718.9999999999,0.521
100,113,7,21,111,113,113,108,3148993.0,1132072.0,0.702
101,17,1,22,17,17,17,770,4151205.0,2452720.0,0.903
102,33,2,22,33,33,33,600,2299717.0,524807.0,0.745
103,49,3,22,49,49,49,430,27466953.0,9274141.0,0.546
104,65,4,22,65,65,65,253,17144153.000000004,9068628.0,0.653
105,81,5,22,81,81,81,707,1178972.0,283164.0,0.443
106,97,6,22,95,97,97,16,3287685.0,856718.9999999999,0.521
107,17,1,23,17,17,17,771,4151205.0,2452720.0,0.903
108,49,3,23,49,49,49,431,27466953.0,9274141.0,0.546
109,65,4,23,65,65,65,254,17144153.000000004,9068628.0,0.653
110,81,5,23,81,81,81,708,1178972.0,283164.0,0.443
111,18,1,25,18,18,18,773,4152330.0,2454780.0,0.906
112,34,2,25,34,34,34,602,2292791.0,542362.0,0.746
113,50,3,25,50,50,50,433,27199286.0,9270693.000000002,0.555
114,66,4,25,66,66,66,256,17229510.0,9178059.000000002,0.667
115,82,5,25,82,82,82,709,1192118.0,282711.0,0.45
116,98,6,25,96,98,98,17,3241136.0,853135.0,0.528
117,114,7,25,112,114,114,109,3098977.0000000005,1142819.0,0.706
118,2,0,26,2,2,2,196,362924.00000000006,236332.0,0.896
119,18,1,26,18,18,18,774,4152330.0,2454780.0,0.906
120,50,3,26,50,50,50,434,27199286.0,9270693.000000002,0.555
121,66,4,26,66,66,66,257,17229510.0,9178059.000000002,0.667
122,18,1,27,18,18,18,775,4152330.0,2454780.0,0.906
123,50,3,27,50,50,50,435,27199286.0,9270693.000000002,0.555
124,66,4,27,66,66,66,258,17229510.0,9178059.000000002,0.667
125,18,1,28,18,18,18,776,4152330.0,2454780.0,0.906
126,50,3,28,50,50,50,436,27199286.0,9270693.000000002,0.555
127,66,4,28,66,66,66,259,17229510.0,9178059.000000002,0.667
128,18,1,29,18,18,18,777,4152330.0,2454780.0,0.906
129,50,3,29,50,50,50,437,27199286.0,9270693.000000002,0.555
130,66,4,29,66,66,66,260,17229510.0,9178059.000000002,0.667
131,98,6,29,96,98,98,18,3241136.0,853135.0,0.528
132,2,0,30,2,2,2,197,362924.00000000006,236332.0,0.896
133,18,1,30,18,18,18,778,4152330.0,2454780.0,0.906
134,66,4,30,66,66,66,261,17229510.0,9178059.000000002,0.667
135,98,6,30,96,98,98,19,3241136.0,853135.0,0.528
136,18,1,31,18,18,18,778,4152330.0,2454780.0,0.906
137,34,2,31,34,34,34,603,2292791.0,542362.0,0.746
138,50,3,31,50,50,50,438,27199286.0,9270693.000000002,0.555
139,66,4,31,66,66,66,262,17229510.0,9178059.000000002,0.667
140,98,6,31,96,98,98,20,3241136.0,853135.0,0.528
141,114,7,31,112,114,114,110,3098977.0000000005,1142819.0,0.706
142,18,1,32,18,18,18,779,4152330.0,2454780.0,0.906
143,34,2,32,34,34,34,604,2292791.0,542362.0,0.746
144,50,3,32,50,50,50,439,27199286.0,9270693.000000002,0.555
145,66,4,32,66,66,66,263,17229510.0,9178059.000000002,0.667
146,82,5,32,82,82,82,710,1192118.0,282711.0,0.45
147,98,6,32,96,98,98,20,3241136.0,853135.0,0.528
148,130,8,32,128,130,130,689,752700.0,192999.00000000003,0.306
149,34,2,33,34,34,34,605,2292791.0,542362.0,0.746
150,50,3,33,50,50,50,440,27199286.0,9270693.000000002,0.555
151,66,4,33,66,66,66,264,17229510.0,9178059.000000002,0.667
152,98,6,33,96,98,98,20,3241136.0,853135.0,0.528
153,114,7,33,112,114,114,111,3098977.0000000005,1142819.0,0.706
154,18,1,34,18,18,18,780,4152330.0,2454780.0,0.906
155,34,2,34,34,34,34,606,2292791.0,542362.0,0.746
156,50,3,34,50,50,50,441,27199286.0,9270693.000000002,0.555
157,66,4,34,66,66,66,265,17229510.0,9178059.000000002,0.667
158,98,6,34,96,98,98,20,3241136.0,853135.0,0.528
159,114,7,34,112,114,114,112,3098977.0000000005,1142819.0,0.706
160,18,1,35,18,18,18,781,4152330.0,2454780.0,0.906
161,34,2,35,34,34,34,607,2292791.0,542362.0,0.746
162,50,3,35,50,50,50,442,27199286.0,9270693.000000002,0.555
163,66,4,35,66,66,66,266,17229510.0,9178059.000000002,0.667
164,98,6,35,96,98,98,21,3241136.0,853135.0,0.528
165,19,1,37,19,19,19,783,4138737.0,2460957.0000000005,0.911
166,51,3,37,51,51,51,444,26857933.0,9260293.0,0.563
167,67,4,37,67,67,67,268,17330921.000000004,9285959.0,0.678
168,115,7,37,113,115,115,114,3057302.0,1154756.0,0.717
169,19,1,38,19,19,19,784,4138737.0,2460957.0000000005,0.911
170,51,3,38,51,51,51,445,26857933.0,9260293.0,0.563
171,67,4,38,67,67,67,269,17330921.000000004,9285959.0,0.678
172,99,6,38,97,99,99,22,3196959.0000000005,850210.0,0.531
173,115,7,38,113,115,115,115,3057302.0,1154756.0,0.717
174,51,3,39,51,51,51,446,26857933.0,9260293.0,0.563
175,67,4,39,67,67,67,270,17330921.000000004,9285959.0,0.678
176,99,6,39,97,99,99,23,3196959.0000000005,850210.0,0.531
177,115,7,39,113,115,115,116,3057302.0,1154756.0,0.717
178,3,0,40,3,3,3,199,369616.0,239188.0,0.898
179,19,1,40,19,19,19,785,4138737.0,2460957.0000000005,0.911
180,35,2,40,35,35,35,608,2288657.0,561084.0000000001,0.748
181,51,3,40,51,51,51,447,26857933.0,9260293.0,0.563
182,67,4,40,67,67,67,271,17330921.000000004,9285959.0,0.678
183,115,7,40,113,115,115,116,3057302.0,1154756.0,0.717
184,19,1,41,19,19,19,786,4138737.0,2460957.0000000005,0.911
185,35,2,41,35,35,35,609,2288657.0,561084.0000000001,0.748
186,51,3,41,51,51,51,448,26857933.0,9260293.0,0.563
187,67,4,41,67,67,67,272,17330921.000000004,9285959.0,0.678
188,115,7,41,113,115,115,117,3057302.0,1154756.0,0.717
189,35,2,42,35,35,35,610,2288657.0,561084.0000000001,0.748
190,67,4,42,67,67,67,273,17330921.000000004,9285959.0,0.678
191,99,6,42,97,99,99,24,3196959.0000000005,850210.0,0.531
192,19,1,43,19,19,19,787,4138737.0,2460957.0000000005,0.911
193,35,2,43,35,35,35,611,2288657.0,561084.0000000001,0.748
194,51,3,43,51,51,51,449,26857933.0,9260293.0,0.563
195,67,4,43,67,67,67,274,17330921.000000004,9285959.0,0.678
196,99,6,43,97,99,99,24,3196959.0000000005,850210.0,0.531
197,115,7,43,113,115,115,118,3057302.0,1154756.0,0.717
198,3,0,44,3,3,3,200,369616.0,239188.0,0.898
199,19,1,44,19,19,19,788,4138737.0,2460957.0000000005,0.911
200,51,3,44,51,51,51,450,26857933.0,9260293.0,0.563
201,67,4,44,67,67,67,275,17330921.000000004,9285959.0,0.678
202,99,6,44,97,99,99,25,3196959.0000000005,850210.0,0.531
203,115,7,44,113,115,115,119,3057302.0,1154756.0,0.717
204,19,1,45,19,19,19,789,4138737.0,2460957.0000000005,0.911
205,35,2,45,35,35,35,612,2288657.0,561084.0000000001,0.748
206,51,3,45,51,51,51,451,26857933.0,9260293.0,0.563
207,67,4,45,67,67,67,276,17330921.000000004,9285959.0,0.678
208,19,1,46,19,19,19,790,4138737.0,2460957.0000000005,0.911
209,35,2,46,35,35,35,613,2288657.0,561084.0000000001,0.748
210,51,3,46,51,51,51,452,26857933.0,9260293.0,0.563
211,67,4,46,67,67,67,277,17330921.000000004,9285959.0,0.678
212,99,6,46,97,99,99,26,3196959.0000000005,850210.0,0.531
213,19,1,47,19,19,19,791,4138737.0,2460957.0000000005,0.911
214,35,2,47,35,35,35,614,2288657.0,561084.0000000001,0.748
215,51,3,47,51,51,51,453,26857933.0,9260293.0,0.563
216,67,4,47,67,67,67,278,17330921.000000004,9285959.0,0.678
217,115,7,47,113,115,115,120,3057302.0,1154756.0,0.717
218,20,1,49,20,20,20,792,4111596.0,2472735.0,0.912
219,52,3,49,52,52,52,455,26456947.0,9246261.999999998,0.569
220,68,4,49,68,68,68,280,17433109.0,9390293.0,0.687
221,116,7,49,114,116,116,121,3024625.9999999995,1168041.0000000002,0.719
222,20,1,50,20,20,20,793,4111596.0,2472735.0,0.912
223,52,3,50,52,52,52,456,26456947.0,9246261.999999998,0.569
224,68,4,50,68,68,68,281,17433109.0,9390293.0,0.687
225,100,6,50,98,100,100,27,3156409.0,848154.0,0.543
226,116,7,50,114,116,116,122,3024625.9999999995,1168041.0000000002,0.719
227,4,0,51,4,4,4,201,375107.0,242319.00000000003,0.898
228,20,1,51,20,20,20,794,4111596.0,2472735.0,0.912
229,36,2,51,36,36,36,615,2287020.0,580568.0,0.748
230,52,3,51,52,52,52,457,26456947.0,9246261.999999998,0.569
231,68,4,51,68,68,68,282,17433109.0,9390293.0,0.687
232,4,0,52,4,4,4,202,375107.0,242319.00000000003,0.898
233,20,1,52,20,20,20,795,4111596.0,2472735.0,0.912
234,36,2,52,36,36,36,616,2287020.0,580568.0,0.748
235,52,3,52,52,52,52,458,26456947.0,9246261.999999998,0.569
236,68,4,52,68,68,68,283,17433109.0,9390293.0,0.687
237,100,6,52,98,100,100,28,3156409.0,848154.0,0.543
238,20,1,53,20,20,20,796,4111596.0,2472735.0,0.912
239,52,3,53,52,52,52,459,26456947.0,9246261.999999998,0.569
240,68,4,53,68,68,68,284,17433109.0,9390293.0,0.687
241,100,6,53,98,100,100,29,3156409.0,848154.0,0.543
242,116,7,53,114,116,116,123,3024625.9999999995,1168041.0000000002,0.719
243,20,1,54,20,20,20,797,4111596.0,2472735.0,0.912
244,36,2,54,36,36,36,617,2287020.0,580568.0,0.748
245,52,3,54,52,52,52,460,26456947.0,9246261.999999998,0.569
246,68,4,54,68,68,68,285,17433109.0,9390293.0,0.687
247,116,7,54,114,116,116,124,3024625.9999999995,1168041.0000000002,0.719
248,20,1,55,20,20,20,800,4111596.0,2472735.0,0.912
249,36,2,55,36,36,36,618,2287020.0,580568.0,0.748
250,52,3,55,52,52,52,461,26456947.0,9246261.999999998,0.569
251,68,4,55,68,68,68,286,17433109.0,9390293.0,0.687
252,100,6,55,98,100,100,30,3156409.0,848154.0,0.543
253,4,0,56,4,4,4,203,375107.0,242319.00000000003,0.898
254,20,1,56,20,20,20,798,4111596.0,2472735.0,0.912
255,20,1,56,20,20,20,800,4111596.0,2472735.0,0.912
256,52,3,56,52,52,52,462,26456947.0,9246261.999999998,0.569
257,68,4,56,68,68,68,287,17433109.0,9390293.0,0.687
258,84,5,56,84,84,84,712,1217360.0,281743.0,0.468
259,20,1,57,20,20,20,799,4111596.0,2472735.0,0.912
260,20,1,57,20,20,20,800,4111596.0,2472735.0,0.912
261,36,2,57,36,36,36,619,2287020.0,580568.0,0.748
262,52,3,57,52,52,52,463,26456947.0,9246261.999999998,0.569
263,68,4,57,68,68,68,288,17433109.0,9390293.0,0.687
264,116,7,57,114,116,116,125,3024625.9999999995,1168041.0000000002,0.719
265,20,1,58,20,20,20,800,4111596.0,2472735.0,0.912
266,36,2,58,36,36,36,620,2287020.0,580568.0,0.748
267,52,3,58,52,52,52,464,26456947.0,9246261.999999998,0.569
268,68,4,58,68,68,68,289,17433109.0,9390293.0,0.687
269,100,6,58,98,100,100,31,3156409.0,848154.0,0.543
270,20,1,59,20,20,20,801,4111596.0,2472735.0,0.912
271,36,2,59,36,36,36,621,2287020.0,580568.0,0.748
272,52,3,59,52,52,52,465,26456947.0,9246261.999999998,0.569
273,68,4,59,68,68,68,290,17433109.0,9390293.0,0.687
274,100,6,59,98,100,100,32,3156409.0,848154.0,0.543
275,116,7,59,114,116,116,126,3024625.9999999995,1168041.0000000002,0.719
276,21,1,61,21,21,21,803,4073883.0,2491627.9999999995,0.916
277,37,2,61,37,37,37,622,2286867.0,600498.0,0.748
278,53,3,61,53,53,53,466,26023587.000000004,9234633.0,0.579
279,69,4,61,69,69,69,292,17521076.0,9487120.0,0.699
280,101,6,61,99,101,101,34,3120453.0,847310.0,0.557
281,117,7,61,115,117,117,127,3001192.9999999995,1182792.0,0.727
282,21,1,62,21,21,21,804,4073883.0,2491627.9999999995,0.916
283,37,2,62,37,37,37,622,2286867.0,600498.0,0.748
284,53,3,62,53,53,53,467,26023587.000000004,9234633.0,0.579
285,69,4,62,69,69,69,293,17521076.0,9487120.0,0.699
286,101,6,62,99,101,101,35,3120453.0,847310.0,0.557
287,21,1,63,21,21,21,805,4073883.0,2491627.9999999995,0.916
288,53,3,63,53,53,53,468,26023587.000000004,9234633.0,0.579
289,69,4,63,69,69,69,294,17521076.0,9487120.0,0.699
290,21,1,64,21,21,21,806,4073883.0,2491627.9999999995,0.916
291,37,2,64,37,37,37,623,2286867.0,600498.0,0.748
292,53,3,64,53,53,53,469,26023587.000000004,9234633.0,0.579
293,69,4,64,69,69,69,295,17521076.0,9487120.0,0.699
294,101,6,64,99,101,101,36,3120453.0,847310.0,0.557
295,117,7,64,115,117,117,128,3001192.9999999995,1182792.0,0.727
296,21,1,65,21,21,21,807,4073883.0,2491627.9999999995,0.916
297,53,3,65,53,53,53,470,26023587.000000004,9234633.0,0.579
298,69,4,65,69,69,69,296,17521076.0,9487120.0,0.699
299,101,6,65,99,101,101,37,3120453.0,847310.0,0.557
300,21,1,66,21,21,21,808,4073883.0,2491627.9999999995,0.916
301,37,2,66,37,37,37,624,2286867.0,600498.0,0.748
302,53,3,66,53,53,53,471,26023587.000000004,9234633.0,0.579
303,69,4,66,69,69,69,297,17521076.0,9487120.0,0.699
304,101,6,66,99,101,101,38,3120453.0,847310.0,0.557
305,117,7,66,115,117,117,129,3001192.9999999995,1182792.0,0.727
306,53,3,67,53,53,53,472,26023587.000000004,9234633.0,0.579
307,69,4,67,69,69,69,298,17521076.0,9487120.0,0.699
308,37,2,68,37,37,37,625,2286867.0,600498.0,0.748
309,53,3,68,53,53,53,473,26023587.000000004,9234633.0,0.579
310,69,4,68,69,69,69,299,17521076.0,9487120.0,0.699
311,21,1,69,21,21,21,809,4073883.0,2491627.9999999995,0.916
312,37,2,69,37,37,37,626,2286867.0,600498.0,0.748
313,53,3,69,53,53,53,474,26023587.000000004,9234633.0,0.579
314,69,4,69,69,69,69,300,17521076.0,9487120.0,0.699
315,117,7,69,115,117,117,130,3001192.9999999995,1182792.0,0.727
316,37,2,70,37,37,37,627,2286867.0,600498.0,0.748
317,53,3,70,53,53,53,475,26023587.000000004,9234633.0,0.579
318,69,4,70,69,69,69,301,17521076.0,9487120.0,0.699
319,85,5,70,85,85,85,714,1229899.0,281577.0,0.469
320,101,6,70,99,101,101,39,3120453.0,847310.0,0.557
321,117,7,70,115,117,117,131,3001192.9999999995,1182792.0,0.727
322,37,2,71,37,37,37,628,2286867.0,600498.0,0.748
323,53,3,71,53,53,53,476,26023587.000000004,9234633.0,0.579
324,69,4,71,69,69,69,302,17521076.0,9487120.0,0.699
325,101,6,71,99,101,101,40,3120453.0,847310.0,0.557
326,22,1,73,22,22,22,811,4030096.0,2518582.0000000005,0.919
327,54,3,73,54,54,54,478,25592379.0,9232758.0,0.588
328,70,4,73,70,70,70,304,17583087.0,9572810.0,0.707
329,102,6,73,100,102,102,42,3089386.0,848036.0,0.566
330,118,7,73,116,118,118,132,2986370.9999999995,1199050.0,0.731
331,38,2,74,38,38,38,630,2286702.0,620690.0,0.755
332,54,3,74,54,54,54,479,25592379.0,9232758.0,0.588
333,70,4,74,70,70,70,305,17583087.0,9572810.0,0.707
334,102,6,74,100,102,102,42,3089386.0,848036.0,0.566
335,118,7,74,116,118,118,133,2986370.9999999995,1199050.0,0.731
336,22,1,75,22,22,22,812,4030096.0,2518582.0000000005,0.919
337,54,3,75,54,54,54,480,25592379.0,9232758.0,0.588
338,70,4,75,70,70,70,306,17583087.0,9572810.0,0.707
339,118,7,75,116,118,118,134,2986370.9999999995,1199050.0,0.731
340,22,1,76,22,22,22,813,4030096.0,2518582.0000000005,0.919
341,54,3,76,54,54,54,481,25592379.0,9232758.0,0.588
342,70,4,76,70,70,70,307,17583087.0,9572810.0,0.707
343,102,6,76,100,102,102,43,3089386.0,848036.0,0.566
344,118,7,76,116,118,118,135,2986370.9999999995,1199050.0,0.731
345,6,0,77,6,6,6,205,381803.00000000006,249808.0,0.903
346,22,1,77,22,22,22,814,4030096.0,2518582.0000000005,0.919
347,38,2,77,38,38,38,631,2286702.0,620690.0,0.755
348,54,3,77,54,54,54,482,25592379.0,9232758.0,0.588
349,70,4,77,70,70,70,308,17583087.0,9572810.0,0.707
350,118,7,77,116,118,118,136,2986370.9999999995,1199050.0,0.731
351,22,1,78,22,22,22,814,4030096.0,2518582.0000000005,0.919
352,54,3,78,54,54,54,483,25592379.0,9232758.0,0.588
353,70,4,78,70,70,70,309,17583087.0,9572810.0,0.707
354,22,1,79,22,22,22,815,4030096.0,2518582.0000000005,0.919
355,38,2,79,38,38,38,632,2286702.0,620690.0,0.755
356,54,3,79,54,54,54,484,25592379.0,9232758.0,0.588
357,70,4,79,70,70,70,310,17583087.0,9572810.0,0.707
358,102,6,79,100,102,102,44,3089386.0,848036.0,0.566
359,118,7,79,116,118,118,137,2986370.9999999995,1199050.0,0.731
360,6,0,80,6,6,6,206,381803.00000000006,249808.0,0.903
361,22,1,80,22,22,22,816,4030096.0,2518582.0000000005,0.919
362,54,3,80,54,54,54,485,25592379.0,9232758.0,0.588
363,70,4,80,70,70,70,311,17583087.0,9572810.0,0.707
364,86,5,80,86,86,86,715,1242641.0,281895.99999999994,0.474
365,22,1,81,22,22,22,817,4030096.0,2518582.0000000005,0.919
366,38,2,81,38,38,38,633,2286702.0,620690.0,0.755
367,54,3,81,54,54,54,486,25592379.0,9232758.0,0.588
368,70,4,81,70,70,70,312,17583087.0,9572810.0,0.707
369,22,1,82,22,22,22,818,4030096.0,2518582.0000000005,0.919
370,38,2,82,38,38,38,634,2286702.0,620690.0,0.755
371,54,3,82,54,54,54,487,25592379.0,9232758.0,0.588
372,70,4,82,70,70,70,313,17583087.0,9572810.0,0.707
373,86,5,82,86,86,86,716,1242641.0,281895.99999999994,0.474
374,54,3,83,54,54,54,488,25592379.0,9232758.0,0.588
375,70,4,83,70,70,70,314,17583087.0,9572810.0,0.707
376,23,1,85,23,23,23,820,3986281.0,2552880.0,0.92
377,55,3,85,55,55,55,490,25196622.000000004,9247269.0,0.597
378,87,5,85,87,87,87,717,1255713.0,282818.0,0.486
379,119,7,85,117,119,119,139,2977509.0,1216729.0,0.735
380,7,0,86,7,7,7,207,383469.0,254288.0,0.906
381,23,1,86,23,23,23,821,3986281.0,2552880.0,0.92
382,55,3,86,55,55,55,491,25196622.000000004,9247269.0,0.597
383,71,4,86,71,71,71,315,17613414.0,9648988.000000002,0.716
384,87,5,86,87,87,87,718,1255713.0,282818.0,0.486
385,7,0,87,7,7,7,208,383469.0,254288.0,0.906
386,23,1,87,23,23,23,822,3986281.0,2552880.0,0.92
387,39,2,87,39,39,39,636,2284947.0,641077.0,0.759
388,55,3,87,55,55,55,492,25196622.000000004,9247269.0,0.597
389,71,4,87,71,71,71,316,17613414.0,9648988.000000002,0.716
390,103,6,87,101,103,103,46,3062169.0000000005,850464.0,0.575
391,119,7,87,117,119,119,140,2977509.0,1216729.0,0.735
392,23,1,88,23,23,23,823,3986281.0,2552880.0,0.92
393,39,2,88,39,39,39,637,2284947.0,641077.0,0.759
394,55,3,88,55,55,55,493,25196622.000000004,9247269.0,0.597
395,71,4,88,71,71,71,317,17613414.0,9648988.000000002,0.716
396,87,5,88,87,87,87,719,1255713.0,282818.0,0.486
397,103,6,88,101,103,103,47,3062169.0000000005,850464.0,0.575
398,23,1,89,23,23,23,824,3986281.0,2552880.0,0.92
399,55,3,89,55,55,55,494,25196622.000000004,9247269.0,0.597
400,71,4,89,71,71,71,318,17613414.0,9648988.000000002,0.716
401,119,7,89,117,119,119,141,2977509.0,1216729.0,0.735
402,39,2,90,39,39,39,638,2284947.0,641077.0,0.759
403,55,3,90,55,55,55,495,25196622.000000004,9247269.0,0.597
404,71,4,90,71,71,71,319,17613414.0,9648988.000000002,0.716
405,103,6,90,101,103,103,48,3062169.0000000005,850464.0,0.575
406,119,7,90,117,119,119,142,2977509.0,1216729.0,0.735
407,23,1,91,23,23,23,825,3986281.0,2552880.0,0.92
408,55,3,91,55,55,55,496,25196622.000000004,9247269.0,0.597
409,103,6,91,101,103,103,48,3062169.0000000005,850464.0,0.575
410,119,7,91,117,119,119,143,2977509.0,1216729.0,0.735
411,7,0,92,7,7,7,209,383469.0,254288.0,0.906
412,23,1,92,23,23,23,826,3986281.0,2552880.0,0.92
413,39,2,92,39,39,39,639,2284947.0,641077.0,0.759
414,55,3,92,55,55,55,497,25196622.000000004,9247269.0,0.597
415,71,4,92,71,71,71,320,17613414.0,9648988.000000002,0.716
416,103,6,92,101,103,103,49,3062169.0000000005,850464.0,0.575
417,23,1,93,23,23,23,827,3986281.0,2552880.0,0.92
418,39,2,93,39,39,39,640,2284947.0,641077.0,0.759
419,55,3,93,55,55,55,498,25196622.000000004,9247269.0,0.597
420,71,4,93,71,71,71,321,17613414.0,9648988.000000002,0.716
421,103,6,93,101,103,103,50,3062169.0000000005,850464.0,0.575
422,23,1,94,23,23,23,828,3986281.0,2552880.0,0.92
423,55,3,94,55,55,55,499,25196622.000000004,9247269.0,0.597
424,71,4,94,71,71,71,322,17613414.0,9648988.000000002,0.716
425,87,5,94,87,87,87,720,1255713.0,282818.0,0.486
426,103,6,94,101,103,103,51,3062169.0000000005,850464.0,0.575
427,55,3,95,55,55,55,500,25196622.000000004,9247269.0,0.597
428,71,4,95,71,71,71,323,17613414.0,9648988.000000002,0.716
429,103,6,95,101,103,103,52,3062169.0000000005,850464.0,0.575
430,56,3,96,56,56,56,501,24861673.0,9283073.0,0.604
431,24,1,97,24,24,24,830,3947817.0,2593448.0,0.918
432,40,2,97,40,40,40,641,2280459.0,661526.0000000001,0.756
433,56,3,97,56,56,56,501,24861673.0,9283073.0,0.604
434,72,4,97,72,72,72,325,17606393.0,9719889.000000002,0.724
435,88,5,97,88,88,88,721,1269251.0,284413.0,0.494
436,120,7,97,118,120,120,144,2971718.0,1235745.0,0.753
437,24,1,98,24,24,24,831,3947817.0,2593448.0,0.918
438,56,3,98,56,56,56,502,24861673.0,9283073.0,0.604
439,72,4,98,72,72,72,326,17606393.0,9719889.000000002,0.724
440,104,6,98,102,104,104,53,3037699.0,854590.0,0.579
441,8,0,99,8,8,8,211,384555.0,259220.00000000003,0.913
442,24,1,99,24,24,24,832,3947817.0,2593448.0,0.918
443,40,2,99,40,40,40,642,2280459.0,661526.0000000001,0.756
444,56,3,99,56,56,56,503,24861673.0,9283073.0,0.604
445,72,4,99,72,72,72,327,17606393.0,9719889.000000002,0.724
446,88,5,99,88,88,88,722,1269251.0,284413.0,0.494
447,104,6,99,102,104,104,54,3037699.0,854590.0,0.579
448,120,7,99,118,120,120,145,2971718.0,1235745.0,0.753
449,24,1,100,24,24,24,833,3947817.0,2593448.0,0.918
450,72,4,100,72,72,72,328,17606393.0,9719889.000000002,0.724
451,88,5,100,88,88,88,723,1269251.0,284413.0,0.494
452,120,7,100,118,120,120,146,2971718.0,1235745.0,0.753
453,24,1,101,24,24,24,834,3947817.0,2593448.0,0.918
454,40,2,101,40,40,40,643,2280459.0,661526.0000000001,0.756
455,56,3,101,56,56,56,504,24861673.0,9283073.0,0.604
456,72,4,101,72,72,72,329,17606393.0,9719889.000000002,0.724
457,104,6,101,102,104,104,55,3037699.0,854590.0,0.579
458,8,0,102,8,8,8,212,384555.0,259220.00000000003,0.913
459,56,3,102,56,56,56,505,24861673.0,9283073.0,0.604
460,72,4,102,72,72,72,330,17606393.0,9719889.000000002,0.724
461,88,5,102,88,88,88,724,1269251.0,284413.0,0.494
462,8,0,103,8,8,8,213,384555.0,259220.00000000003,0.913
463,24,1,103,24,24,24,835,3947817.0,2593448.0,0.918
464,56,3,103,56,56,56,506,24861673.0,9283073.0,0.604
465,40,2,104,40,40,40,644,2280459.0,661526.0000000001,0.756
466,56,3,104,56,56,56,507,24861673.0,9283073.0,0.604
467,72,4,104,72,72,72,331,17606393.0,9719889.000000002,0.724
468,24,1,105,24,24,24,836,3947817.0,2593448.0,0.918
469,40,2,105,40,40,40,645,2280459.0,661526.0000000001,0.756
470,56,3,105,56,56,56,508,24861673.0,9283073.0,0.604
471,72,4,105,72,72,72,332,17606393.0,9719889.000000002,0.724
472,120,7,105,118,120,120,147,2971718.0,1235745.0,0.753
473,40,2,106,40,40,40,646,2280459.0,661526.0000000001,0.756
474,56,3,106,56,56,56,509,24861673.0,9283073.0,0.604
475,72,4,106,72,72,72,333,17606393.0,9719889.000000002,0.724
476,88,5,106,88,88,88,725,1269251.0,284413.0,0.494
477,24,1,107,24,24,24,837,3947817.0,2593448.0,0.918
478,56,3,107,56,56,56,510,24861673.0,9283073.0,0.604
479,72,4,107,72,72,72,334,17606393.0,9719889.000000002,0.724
480,88,5,107,88,88,88,726,1269251.0,284413.0,0.494
481,104,6,107,102,104,104,56,3037699.0,854590.0,0.579
482,9,0,109,9,9,9,215,385216.0,264522.0,0.918
483,25,1,109,25,25,25,839,3918023.0,2639460.0,0.92
484,57,3,109,57,57,57,512,24599886.000000004,9342487.0,0.616
485,73,4,109,73,73,73,336,17555088.0,9790778.0,0.731
486,89,5,109,89,89,89,727,1283402.0,286705.0,0.499
487,105,6,109,103,105,105,58,3015382.0,860311.0,0.579
488,121,7,109,119,121,121,148,2966854.0000000005,1256073.9999999998,0.756
489,57,3,110,57,57,57,513,24599886.000000004,9342487.0,0.616
490,73,4,110,73,73,73,337,17555088.0,9790778.0,0.731
491,89,5,110,89,89,89,728,1283402.0,286705.0,0.499
492,105,6,110,103,105,105,59,3015382.0,860311.0,0.579
493,25,1,111,25,25,25,840,3918023.0,2639460.0,0.92
494,57,3,111,57,57,57,514,24599886.000000004,9342487.0,0.616
495,73,4,111,73,73,73,338,17555088.0,9790778.0,0.731
496,89,5,111,89,89,89,729,1283402.0,286705.0,0.499
497,25,1,112,25,25,25,841,3918023.0,2639460.0,0.92
498,41,2,112,41,41,41,647,2272826.0,681794.0,0.761
499,57,3,112,57,57,57,515,24599886.000000004,9342487.0,0.616
500,73,4,112,73,73,73,339,17555088.0,9790778.0,0.731
501,105,6,112,103,105,105,60,3015382.0,860311.0,0.579
502,25,1,113,25,25,25,842,3918023.0,2639460.0,0.92
503,41,2,113,41,41,41,648,2272826.0,681794.0,0.761
504,57,3,113,57,57,57,516,24599886.000000004,9342487.0,0.616
505,73,4,113,73,73,73,340,17555088.0,9790778.0,0.731
506,105,6,113,103,105,105,61,3015382.0,860311.0,0.579
507,121,7,113,119,121,121,149,2966854.0000000005,1256073.9999999998,0.756
508,25,1,114,25,25,25,843,3918023.0,2639460.0,0.92
509,41,2,114,41,41,41,648,2272826.0,681794.0,0.761
510,57,3,114,57,57,57,517,24599886.000000004,9342487.0,0.616
511,73,4,114,73,73,73,341,17555088.0,9790778.0,0.731
512,105,6,114,103,105,105,62,3015382.0,860311.0,0.579
513,121,7,114,119,121,121,150,2966854.0000000005,1256073.9999999998,0.756
514,25,1,115,25,25,25,844,3918023.0,2639460.0,0.92
515,41,2,115,41,41,41,649,2272826.0,681794.0,0.761
516,57,3,115,57,57,57,518,24599886.000000004,9342487.0,0.616
517,73,4,115,73,73,73,342,17555088.0,9790778.0,0.731
518,89,5,115,89,89,89,730,1283402.0,286705.0,0.499
519,121,7,115,119,121,121,151,2966854.0000000005,1256073.9999999998,0.756
520,9,0,116,9,9,9,216,385216.0,264522.0,0.918
521,25,1,116,25,25,25,845,3918023.0,2639460.0,0.92
522,57,3,116,57,57,57,519,24599886.000000004,9342487.0,0.616
523,73,4,116,73,73,73,343,17555088.0,9790778.0,0.731
524,105,6,116,103,105,105,63,3015382.0,860311.0,0.579
525,41,2,117,41,41,41,650,2272826.0,681794.0,0.761
526,57,3,117,57,57,57,520,24599886.000000004,9342487.0,0.616
527,73,4,117,73,73,73,344,17555088.0,9790778.0,0.731
528,89,5,117,89,89,89,731,1283402.0,286705.0,0.499
529,121,7,117,119,121,121,152,2966854.0000000005,1256073.9999999998,0.756
530,25,1,118,25,25,25,846,3918023.0,2639460.0,0.92
531,41,2,118,41,41,41,651,2272826.0,681794.0,0.761
532,57,3,118,57,57,57,521,24599886.000000004,9342487.0,0.616
533,73,4,118,73,73,73,345,17555088.0,9790778.0,0.731
534,121,7,118,119,121,121,153,2966854.0000000005,1256073.9999999998,0.756
535,137,8,118,135,137,137,690,926427.0,183974.00000000003,0.365
536,25,1,119,25,25,25,847,3918023.0,2639460.0,0.92
537,57,3,119,57,57,57,522,24599886.000000004,9342487.0,0.616
538,73,4,119,73,73,73,346,17555088.0,9790778.0,0.731
539,89,5,119,89,89,89,732,1283402.0,286705.0,0.499
540,26,1,121,26,26,26,849,3899711.0,2689897.9999999995,0.921
541,42,2,121,42,42,42,652,2262162.0000000005,701655.0,0.766
542,58,3,121,58,58,58,524,24414437.0,9425874.0,0.624
543,74,4,121,74,74,74,348,17451378.0,9870603.000000002,0.739
544,106,6,121,104,106,106,64,2994594.0,867334.0,0.595
545,122,7,121,120,122,122,154,2960421.0,1277738.0,0.756
546,26,1,122,26,26,26,850,3899711.0,2689897.9999999995,0.921
547,42,2,122,42,42,42,653,2262162.0000000005,701655.0,0.766
548,58,3,122,58,58,58,525,24414437.0,9425874.0,0.624
549,74,4,122,74,74,74,349,17451378.0,9870603.000000002,0.739
550,106,6,122,104,106,106,65,2994594.0,867334.0,0.595
551,138,8,122,136,138,138,691,953108.0,183921.0,0.372
552,26,1,123,26,26,26,851,3899711.0,2689897.9999999995,0.921
553,42,2,123,42,42,42,654,2262162.0000000005,701655.0,0.766
554,58,3,123,58,58,58,526,24414437.0,9425874.0,0.624
555,74,4,123,74,74,74,350,17451378.0,9870603.000000002,0.739
556,90,5,123,90,90,90,734,1298280.0,289654.0,0.504
557,106,6,123,104,106,106,66,2994594.0,867334.0,0.595
558,122,7,123,120,122,122,155,2960421.0,1277738.0,0.756
559,26,1,124,26,26,26,852,3899711.0,2689897.9999999995,0.921
560,58,3,124,58,58,58,527,24414437.0,9425874.0,0.624
561,74,4,124,74,74,74,351,17451378.0,9870603.000000002,0.739
562,90,5,124,90,90,90,735,1298280.0,289654.0,0.504
563,106,6,124,104,106,106,67,2994594.0,867334.0,0.595
564,122,7,124,120,122,122,156,2960421.0,1277738.0,0.756
565,26,1,125,26,26,26,853,3899711.0,2689897.9999999995,0.921
566,42,2,125,42,42,42,655,2262162.0000000005,701655.0,0.766
567,58,3,125,58,58,58,528,24414437.0,9425874.0,0.624
568,90,5,125,90,90,90,736,1298280.0,289654.0,0.504
569,106,6,125,104,106,106,68,2994594.0,867334.0,0.595
570,122,7,125,120,122,122,156,2960421.0,1277738.0,0.756
571,138,8,125,136,138,138,692,953108.0,183921.0,0.372
572,26,1,126,26,26,26,854,3899711.0,2689897.9999999995,0.921
573,58,3,126,58,58,58,529,24414437.0,9425874.0,0.624
574,74,4,126,74,74,74,352,17451378.0,9870603.000000002,0.739
575,106,6,126,104,106,106,69,2994594.0,867334.0,0.595
576,138,8,126,136,138,138,693,953108.0,183921.0,0.372
577,10,0,127,10,10,10,217,385607.0,270034.0,0.921
578,42,2,127,42,42,42,656,2262162.0000000005,701655.0,0.766
579,58,3,127,58,58,58,530,24414437.0,9425874.0,0.624
580,74,4,127,74,74,74,353,17451378.0,9870603.000000002,0.739
581,90,5,127,90,90,90,737,1298280.0,289654.0,0.504
582,106,6,127,104,106,106,70,2994594.0,867334.0,0.595
583,122,7,127,120,122,122,157,2960421.0,1277738.0,0.756
584,26,1,128,26,26,26,855,3899711.0,2689897.9999999995,0.921
585,58,3,128,58,58,58,531,24414437.0,9425874.0,0.624
586,74,4,128,74,74,74,354,17451378.0,9870603.000000002,0.739
587,26,1,129,26,26,26,856,3899711.0,2689897.9999999995,0.921
588,58,3,129,58,58,58,532,24414437.0,9425874.0,0.624
589,74,4,129,74,74,74,355,17451378.0,9870603.000000002,0.739
590,90,5,129,90,90,90,738,1298280.0,289654.0,0.504
591,122,7,129,120,122,122,158,2960421.0,1277738.0,0.756
592,138,8,129,136,138,138,694,953108.0,183921.0,0.372
593,26,1,130,26,26,26,857,3899711.0,2689897.9999999995,0.921
594,42,2,130,42,42,42,657,2262162.0000000005,701655.0,0.766
595,58,3,130,58,58,58,533,24414437.0,9425874.0,0.624
596,74,4,130,74,74,74,356,17451378.0,9870603.000000002,0.739
597,122,7,130,120,122,122,159,2960421.0,1277738.0,0.756
598,138,8,130,136,138,138,695,953108.0,183921.0,0.372
599,42,2,131,42,42,42,658,2262162.0000000005,701655.0,0.766
600,74,4,131,74,74,74,357,17451378.0,9870603.000000002,0.739
601,90,5,131,90,90,90,739,1298280.0,289654.0,0.504
602,122,7,131,120,122,122,160,2960421.0,1277738.0,0.756
603,138,8,131,136,138,138,696,953108.0,183921.0,0.372
604,27,1,133,27,27,27,859,3894135.0,2743600.0,0.922
605,43,2,133,43,43,43,660,2249122.0000000005,720954.0,0.768
606,59,3,133,59,59,59,535,24296610.0,9531107.0,0.63
607,75,4,133,75,75,75,359,17290122.0,9969554.0,0.746
608,91,5,133,91,91,91,740,1313930.0,293152.0,0.507
609,107,6,133,105,107,107,72,2974725.0,875248.0,0.606
610,123,7,133,121,123,123,162,2950232.9999999995,1300768.0,0.758
611,27,1,134,27,27,27,860,3894135.0,2743600.0,0.922
612,43,2,134,43,43,43,661,2249122.0000000005,720954.0,0.768
613,59,3,134,59,59,59,536,24296610.0,9531107.0,0.63
614,91,5,134,91,91,91,741,1313930.0,293152.0,0.507
615,27,1,135,27,27,27,861,3894135.0,2743600.0,0.922
616,59,3,135,59,59,59,537,24296610.0,9531107.0,0.63
617,75,4,135,75,75,75,360,17290122.0,9969554.0,0.746
618,91,5,135,91,91,91,742,1313930.0,293152.0,0.507
619,123,7,135,121,123,123,163,2950232.9999999995,1300768.0,0.758
620,27,1,136,27,27,27,872,3894135.0,2743600.0,0.922
621,43,2,136,43,43,43,662,2249122.0000000005,720954.0,0.768
622,59,3,136,59,59,59,538,24296610.0,9531107.0,0.63
623,75,4,136,75,75,75,361,17290122.0,9969554.0,0.746
624,91,5,136,91,91,91,743,1313930.0,293152.0,0.507
625,11,0,137,11,11,11,219,385857.0,275559.0,0.923
626,27,1,137,27,27,27,862,3894135.0,2743600.0,0.922
627,27,1,137,27,27,27,872,3894135.0,2743600.0,0.922
628,59,3,137,59,59,59,539,24296610.0,9531107.0,0.63
629,75,4,137,75,75,75,362,17290122.0,9969554.0,0.746
630,107,6,137,105,107,107,73,2974725.0,875248.0,0.606
631,11,0,138,11,11,11,218,385857.0,275559.0,0.923
632,11,0,138,11,11,11,219,385857.0,275559.0,0.923
633,27,1,138,27,27,27,863,3894135.0,2743600.0,0.922
634,27,1,138,27,27,27,872,3894135.0,2743600.0,0.922
635,59,3,138,59,59,59,540,24296610.0,9531107.0,0.63
636,75,4,138,75,75,75,363,17290122.0,9969554.0,0.746
637,91,5,138,91,91,91,744,1313930.0,293152.0,0.507
638,123,7,138,121,123,123,164,2950232.9999999995,1300768.0,0.758
639,11,0,139,11,11,11,219,385857.0,275559.0,0.923
640,27,1,139,27,27,27,864,3894135.0,2743600.0,0.922
641,27,1,139,27,27,27,872,3894135.0,2743600.0,0.922
642,59,3,139,59,59,59,541,24296610.0,9531107.0,0.63
643,75,4,139,75,75,75,364,17290122.0,9969554.0,0.746
644,107,6,139,105,107,107,74,2974725.0,875248.0,0.606
645,11,0,140,11,11,11,220,385857.0,275559.0,0.923
646,27,1,140,27,27,27,865,3894135.0,2743600.0,0.922
647,27,1,140,27,27,27,872,3894135.0,2743600.0,0.922
648,43,2,140,43,43,43,663,2249122.0000000005,720954.0,0.768
649,59,3,140,59,59,59,542,24296610.0,9531107.0,0.63
650,75,4,140,75,75,75,365,17290122.0,9969554.0,0.746
651,107,6,140,105,107,107,75,2974725.0,875248.0,0.606
652,139,8,140,137,139,139,697,980417.0,184376.0,0.378
653,27,1,141,27,27,27,866,3894135.0,2743600.0,0.922
654,27,1,141,27,27,27,872,3894135.0,2743600.0,0.922
655,43,2,141,43,43,43,664,2249122.0000000005,720954.0,0.768
656,59,3,141,59,59,59,543,24296610.0,9531107.0,0.63
657,75,4,141,75,75,75,366,17290122.0,9969554.0,0.746
658,107,6,141,105,107,107,76,2974725.0,875248.0,0.606
659,139,8,141,137,139,139,698,980417.0,184376.0,0.378
660,27,1,142,27,27,27,867,3894135.0,2743600.0,0.922
661,27,1,142,27,27,27,872,3894135.0,2743600.0,0.922
662,59,3,142,59,59,59,544,24296610.0,9531107.0,0.63
663,75,4,142,75,75,75,367,17290122.0,9969554.0,0.746
664,91,5,142,91,91,91,745,1313930.0,293152.0,0.507
665,107,6,142,105,107,107,77,2974725.0,875248.0,0.606
666,27,1,143,27,27,27,868,3894135.0,2743600.0,0.922
667,27,1,143,27,27,27,872,3894135.0,2743600.0,0.922
668,43,2,143,43,43,43,665,2249122.0000000005,720954.0,0.768
669,59,3,143,59,59,59,545,24296610.0,9531107.0,0.63
670,75,4,143,75,75,75,368,17290122.0,9969554.0,0.746
671,91,5,143,91,91,91,746,1313930.0,293152.0,0.507
672,28,1,144,28,28,28,872,3899175.0,2799028.0,0.924
673,124,7,144,122,124,124,165,2935394.0,1325105.0,0.761
674,12,0,145,12,12,12,221,386036.0,280932.0,0.926
675,28,1,145,28,28,28,870,3899175.0,2799028.0,0.924
676,28,1,145,28,28,28,872,3899175.0,2799028.0,0.924
677,60,3,145,60,60,60,547,24220897.0,9652529.0,0.64
678,76,4,145,76,76,76,370,17077816.000000004,10095026.0,0.75
679,124,7,145,122,124,124,165,2935394.0,1325105.0,0.761
680,28,1,146,28,28,28,871,3899175.0,2799028.0,0.924
681,28,1,146,28,28,28,872,3899175.0,2799028.0,0.924
682,60,3,146,60,60,60,548,24220897.0,9652529.0,0.64
683,76,4,146,76,76,76,371,17077816.000000004,10095026.0,0.75
684,124,7,146,122,124,124,165,2935394.0,1325105.0,0.761
685,140,8,146,138,140,140,699,1008499.0,185300.0,0.386
686,28,1,147,28,28,28,872,3899175.0,2799028.0,0.924
687,60,3,147,60,60,60,549,24220897.0,9652529.0,0.64
688,76,4,147,76,76,76,372,17077816.000000004,10095026.0,0.75
689,92,5,147,92,92,92,747,1330283.9999999998,297015.0,0.509
690,108,6,147,106,108,108,78,2955075.0,883623.0,0.616
691,124,7,147,122,124,124,165,2935394.0,1325105.0,0.761
692,28,1,148,28,28,28,872,3899175.0,2799028.0,0.924
693,44,2,148,44,44,44,667,2234906.0,739682.0,0.771
694,60,3,148,60,60,60,550,24220897.0,9652529.0,0.64
695,76,4,148,76,76,76,373,17077816.000000004,10095026.0,0.75
696,92,5,148,92,92,92,748,1330283.9999999998,297015.0,0.509
697,124,7,148,122,124,124,165,2935394.0,1325105.0,0.761
698,12,0,149,12,12,12,222,386036.0,280932.0,0.926
699,28,1,149,28,28,28,873,3899175.0,2799028.0,0.924
700,44,2,149,44,44,44,668,2234906.0,739682.0,0.771
701,60,3,149,60,60,60,551,24220897.0,9652529.0,0.64
702,76,4,149,76,76,76,374,17077816.000000004,10095026.0,0.75
703,92,5,149,92,92,92,749,1330283.9999999998,297015.0,0.509
704,108,6,149,106,108,108,79,2955075.0,883623.0,0.616
705,44,2,150,44,44,44,669,2234906.0,739682.0,0.771
706,60,3,150,60,60,60,552,24220897.0,9652529.0,0.64
707,76,4,150,76,76,76,375,17077816.000000004,10095026.0,0.75
708,108,6,150,106,108,108,80,2955075.0,883623.0,0.616
709,124,7,150,122,124,124,166,2935394.0,1325105.0,0.761
710,12,0,151,12,12,12,224,386036.0,280932.0,0.926
711,28,1,151,28,28,28,874,3899175.0,2799028.0,0.924
712,60,3,151,60,60,60,553,24220897.0,9652529.0,0.64
713,76,4,151,76,76,76,376,17077816.000000004,10095026.0,0.75
714,108,6,151,106,108,108,81,2955075.0,883623.0,0.616
715,12,0,152,12,12,12,223,386036.0,280932.0,0.926
716,12,0,152,12,12,12,224,386036.0,280932.0,0.926
717,28,1,152,28,28,28,875,3899175.0,2799028.0,0.924
718,44,2,152,44,44,44,670,2234906.0,739682.0,0.771
719,60,3,152,60,60,60,554,24220897.0,9652529.0,0.64
720,76,4,152,76,76,76,377,17077816.000000004,10095026.0,0.75
721,108,6,152,106,108,108,82,2955075.0,883623.0,0.616
722,124,7,152,122,124,124,167,2935394.0,1325105.0,0.761
723,12,0,153,12,12,12,224,386036.0,280932.0,0.926
724,28,1,153,28,28,28,876,3899175.0,2799028.0,0.924
725,44,2,153,44,44,44,670,2234906.0,739682.0,0.771
726,44,2,153,44,44,44,671,2234906.0,739682.0,0.771
727,60,3,153,60,60,60,555,24220897.0,9652529.0,0.64
728,92,5,153,92,92,92,750,1330283.9999999998,297015.0,0.509
729,108,6,153,106,108,108,83,2955075.0,883623.0,0.616
730,28,1,154,28,28,28,877,3899175.0,2799028.0,0.924
731,44,2,154,44,44,44,671,2234906.0,739682.0,0.771
732,60,3,154,60,60,60,556,24220897.0,9652529.0,0.64
733,76,4,154,76,76,76,378,17077816.000000004,10095026.0,0.75
734,92,5,154,92,92,92,751,1330283.9999999998,297015.0,0.509
735,108,6,154,106,108,108,84,2955075.0,883623.0,0.616
736,28,1,155,28,28,28,878,3899175.0,2799028.0,0.924
737,60,3,155,60,60,60,557,24220897.0,9652529.0,0.64
738,76,4,155,76,76,76,379,17077816.000000004,10095026.0,0.75
739,29,1,157,29,29,29,880,3912402.0,2854587.9999999995,0.925
740,61,3,157,61,61,61,559,24164357.000000004,9785017.0,0.642
741,77,4,157,77,77,77,381,16824442.0,10251618.0,0.755
742,109,6,157,107,109,109,86,2934882.0,892145.0,0.625
743,125,7,157,123,125,125,168,2915409.0,1350630.0,0.762
744,45,2,158,45,45,45,673,2220482.0,757839.0,0.776
745,61,3,158,61,61,61,560,24164357.000000004,9785017.0,0.642
746,125,7,158,123,125,125,169,2915409.0,1350630.0,0.762
747,29,1,159,29,29,29,881,3912402.0,2854587.9999999995,0.925
748,61,3,159,61,61,61,561,24164357.000000004,9785017.0,0.642
749,77,4,159,77,77,77,382,16824442.0,10251618.0,0.755
750,125,7,159,123,125,125,170,2915409.0,1350630.0,0.762
751,13,0,160,13,13,13,225,386213.0,286042.00000000006,0.928
752,29,1,160,29,29,29,882,3912402.0,2854587.9999999995,0.925
753,61,3,160,61,61,61,562,24164357.000000004,9785017.0,0.642
754,77,4,160,77,77,77,383,16824442.0,10251618.0,0.755
755,109,6,160,107,109,109,87,2934882.0,892145.0,0.625
756,13,0,161,13,13,13,226,386213.0,286042.00000000006,0.928
757,29,1,161,29,29,29,883,3912402.0,2854587.9999999995,0.925
758,61,3,161,61,61,61,563,24164357.000000004,9785017.0,0.642
759,77,4,161,77,77,77,384,16824442.0,10251618.0,0.755
760,109,6,161,107,109,109,88,2934882.0,892145.0,0.625
761,125,7,161,123,125,125,171,2915409.0,1350630.0,0.762
762,13,0,162,13,13,13,227,386213.0,286042.00000000006,0.928
763,61,3,162,61,61,61,564,24164357.000000004,9785017.0,0.642
764,77,4,162,77,77,77,385,16824442.0,10251618.0,0.755
765,109,6,162,107,109,109,89,2934882.0,892145.0,0.625
766,13,0,163,13,13,13,227,386213.0,286042.00000000006,0.928
767,29,1,163,29,29,29,884,3912402.0,2854587.9999999995,0.925
768,45,2,163,45,45,45,674,2220482.0,757839.0,0.776
769,61,3,163,61,61,61,565,24164357.000000004,9785017.0,0.642
770,77,4,163,77,77,77,386,16824442.0,10251618.0,0.755
771,29,1,164,29,29,29,885,3912402.0,2854587.9999999995,0.925
772,61,3,164,61,61,61,566,24164357.000000004,9785017.0,0.642
773,125,7,164,123,125,125,172,2915409.0,1350630.0,0.762
774,13,0,165,13,13,13,228,386213.0,286042.00000000006,0.928
775,29,1,165,29,29,29,886,3912402.0,2854587.9999999995,0.925
776,45,2,165,45,45,45,675,2220482.0,757839.0,0.776
777,77,4,165,77,77,77,387,16824442.0,10251618.0,0.755
778,29,1,166,29,29,29,887,3912402.0,2854587.9999999995,0.925
779,45,2,166,45,45,45,676,2220482.0,757839.0,0.776
780,61,3,166,61,61,61,567,24164357.000000004,9785017.0,0.642
781,77,4,166,77,77,77,388,16824442.0,10251618.0,0.755
782,29,1,167,29,29,29,888,3912402.0,2854587.9999999995,0.925
783,61,3,167,61,61,61,568,24164357.000000004,9785017.0,0.642
784,77,4,167,77,77,77,389,16824442.0,10251618.0,0.755
785,125,7,167,123,125,125,173,2915409.0,1350630.0,0.762
786,141,8,167,139,141,141,700,1037453.0,186634.0,0.391
787,30,1,169,30,30,30,890,3932450.0,2908935.9999999995,0.926
788,46,2,169,46,46,46,677,2206201.0,775383.0,0.779
789,78,4,169,78,78,78,391,16539228.0,10440709.0,0.761
790,126,7,169,124,126,126,175,2889924.0000000005,1377193.0,0.765
791,142,8,169,140,142,142,701,1067313.9999999998,188328.0,0.394
792,46,2,170,46,46,46,678,2206201.0,775383.0,0.779
793,62,3,170,62,62,62,570,24116023.0,9925987.0,0.645
794,78,4,170,78,78,78,392,16539228.0,10440709.0,0.761
795,110,6,170,108,110,110,90,2913430.0,900691.0,0.632
796,126,7,170,124,126,126,176,2889924.0000000005,1377193.0,0.765
797,142,8,170,140,142,142,702,1067313.9999999998,188328.0,0.394
798,30,1,171,30,30,30,891,3932450.0,2908935.9999999995,0.926
799,46,2,171,46,46,46,679,2206201.0,775383.0,0.779
800,62,3,171,62,62,62,571,24116023.0,9925987.0,0.645
801,78,4,171,78,78,78,393,16539228.0,10440709.0,0.761
802,110,6,171,108,110,110,91,2913430.0,900691.0,0.632
803,126,7,171,124,126,126,177,2889924.0000000005,1377193.0,0.765
804,142,8,171,140,142,142,703,1067313.9999999998,188328.0,0.394
805,14,0,172,14,14,14,229,386464.0,290851.0,0.929
806,30,1,172,30,30,30,892,3932450.0,2908935.9999999995,0.926
807,62,3,172,62,62,62,572,24116023.0,9925987.0,0.645
808,78,4,172,78,78,78,394,16539228.0,10440709.0,0.761
809,126,7,172,124,126,126,178,2889924.0000000005,1377193.0,0.765
810,14,0,173,14,14,14,229,386464.0,290851.0,0.929
811,30,1,173,30,30,30,893,3932450.0,2908935.9999999995,0.926
812,46,2,173,46,46,46,680,2206201.0,775383.0,0.779
813,62,3,173,62,62,62,573,24116023.0,9925987.0,0.645
814,78,4,173,78,78,78,395,16539228.0,10440709.0,0.761
815,110,6,173,108,110,110,92,2913430.0,900691.0,0.632
816,142,8,173,140,142,142,704,1067313.9999999998,188328.0,0.394
817,30,1,174,30,30,30,894,3932450.0,2908935.9999999995,0.926
818,46,2,174,46,46,46,681,2206201.0,775383.0,0.779
819,62,3,174,62,62,62,574,24116023.0,9925987.0,0.645
820,110,6,174,108,110,110,93,2913430.0,900691.0,0.632
821,126,7,174,124,126,126,179,2889924.0000000005,1377193.0,0.765
822,30,1,175,30,30,30,895,3932450.0,2908935.9999999995,0.926
823,62,3,175,62,62,62,575,24116023.0,9925987.0,0.645
824,78,4,175,78,78,78,396,16539228.0,10440709.0,0.761
825,110,6,175,108,110,110,94,2913430.0,900691.0,0.632
826,126,7,175,124,126,126,180,2889924.0000000005,1377193.0,0.765
827,30,1,176,30,30,30,896,3932450.0,2908935.9999999995,0.926
828,62,3,176,62,62,62,576,24116023.0,9925987.0,0.645
829,78,4,176,78,78,78,397,16539228.0,10440709.0,0.761
830,110,6,176,108,110,110,95,2913430.0,900691.0,0.632
831,30,1,177,30,30,30,897,3932450.0,2908935.9999999995,0.926
832,46,2,177,46,46,46,682,2206201.0,775383.0,0.779
833,62,3,177,62,62,62,577,24116023.0,9925987.0,0.645
834,78,4,177,78,78,78,398,16539228.0,10440709.0,0.761
835,126,7,177,124,126,126,181,2889924.0000000005,1377193.0,0.765
836,14,0,178,14,14,14,230,386464.0,290851.0,0.929
837,30,1,178,30,30,30,898,3932450.0,2908935.9999999995,0.926
838,62,3,178,62,62,62,578,24116023.0,9925987.0,0.645
839,78,4,178,78,78,78,399,16539228.0,10440709.0,0.761
840,126,7,178,124,126,126,182,2889924.0000000005,1377193.0,0.765
841,14,0,179,14,14,14,230,386464.0,290851.0,0.929
842,62,3,179,62,62,62,579,24116023.0,9925987.0,0.645
843,78,4,179,78,78,78,400,16539228.0,10440709.0,0.761
844,110,6,179,108,110,110,96,2913430.0,900691.0,0.632
845,126,7,179,124,126,126,183,2889924.0000000005,1377193.0,0.765
846,31,1,181,31,31,31,900,3957544.000000001,,0.926
847,63,3,181,63,63,63,581,24067825.0,,0.645
848,127,7,181,125,127,127,184,2859135.0,,0.765
849,31,1,182,31,31,31,901,3957544.000000001,,0.926
850,111,6,182,109,111,111,98,2889959.0000000005,,0.632
851,127,7,182,125,127,127,185,2859135.0,,0.765
852,31,1,183,31,31,31,902,3957544.000000001,,0.926
853,79,4,183,79,79,79,401,16233446.000000002,,0.761
854,127,7,183,125,127,127,186,2859135.0,,0.765
855,15,0,184,15,15,15,231,386828.00000000006,,0.929
856,31,1,184,31,31,31,903,3957544.000000001,,0.926
857,31,1,185,31,31,31,904,3957544.000000001,,0.926
858,63,3,185,63,63,63,582,24067825.0,,0.645
859,79,4,185,79,79,79,403,16233446.000000002,,0.761
860,111,6,185,109,111,111,99,2889959.0000000005,,0.632
861,15,0,186,15,15,15,232,386828.00000000006,,0.929
862,31,1,186,31,31,31,905,3957544.000000001,,0.926
863,47,2,186,47,47,47,684,2192160.0,,0.779
864,63,3,186,63,63,63,583,24067825.0,,0.645
865,79,4,186,79,79,79,402,16233446.000000002,,0.761
866,79,4,186,79,79,79,403,16233446.000000002,,0.761
867,111,6,186,109,111,111,100,2889959.0000000005,,0.632
868,127,7,186,125,127,127,187,2859135.0,,0.765
869,31,1,187,31,31,31,906,3957544.000000001,,0.926
870,47,2,187,47,47,47,685,2192160.0,,0.779
871,79,4,187,79,79,79,403,16233446.000000002,,0.761
872,127,7,187,125,127,127,187,2859135.0,,0.765
873,31,1,188,31,31,31,906,3957544.000000001,,0.926
874,47,2,188,47,47,47,686,2192160.0,,0.779
875,63,3,188,63,63,63,584,24067825.0,,0.645
876,79,4,188,79,79,79,404,16233446.000000002,,0.761
877,31,1,189,31,31,31,907,3957544.000000001,,0.926
878,63,3,189,63,63,63,585,24067825.0,,0.645
879,79,4,189,79,79,79,405,16233446.000000002,,0.761
880,111,6,189,109,111,111,101,2889959.0000000005,,0.632
881,31,1,190,31,31,31,908,3957544.000000001,,0.926
882,47,2,190,47,47,47,687,2192160.0,,0.779
883,63,3,190,63,63,63,586,24067825.0,,0.645
884,79,4,190,79,79,79,406,16233446.000000002,,0.761
885,31,1,191,31,31,31,909,3957544.000000001,,0.926
886,47,2,191,47,47,47,688,2192160.0,,0.779
887,63,3,191,63,63,63,587,24067825.0,,0.645
888,79,4,191,79,79,79,407,16233446.000000002,,0.761
889,127,7,191,125,127,127,188,2859135.0,,0.765
